system:time_start,pr,srad,vs,etr,vpd,rmax,rmin,tmmn,tmmx
"Jan 1, 2016",2.495,7.372,100,53.283,53.452,283.156,298.678,0.489,3.517
"Jan 2, 2016",2.239,9.432,87.781,65.1,92.143,281.356,287.208,0.31,4.517
"Jan 3, 2016",2.157,4.514,83.505,57.937,39.253,279.046,285.738,0.35,4.089
"Jan 4, 2016",3.794,0,81.542,36.468,168.253,276.596,289.318,0.617,3.985
"Jan 5, 2016",1.894,0,100,67.946,125.534,278.376,285.888,0.19,6.778
"Jan 6, 2016",1.385,0,100,73.545,70.791,279.476,286.608,0.131,7.034
"Jan 7, 2016",1.496,4.272,100,69.823,92.909,281.876,289.508,0.208,2.629
"Jan 8, 2016",2.094,0,88.195,66.016,133.864,286.386,292.258,0.415,1.875
"Jan 9, 2016",2.428,0,87.693,66.871,100.303,286.836,292.438,0.416,3.395
"Jan 10, 2016",2.185,0,100,55.767,165.541,274.786,290.918,0.223,5.893
"Jan 11, 2016",2.85,0,88.404,35.282,181.836,271.856,285.808,0.475,2.929
"Jan 12, 2016",3.544,0,85.639,26.763,153.143,271.386,288.558,0.643,3.04
"Jan 13, 2016",2.914,0,75.417,32.301,168.84,274.186,287.188,0.59,2.339
"Jan 14, 2016",2.838,0,96.38,36.458,176.25,274.856,289.978,0.581,2.218
"Jan 15, 2016",3.624,10.159,100,51.134,121.532,281.836,295.728,0.515,5.624
"Jan 16, 2016",2.661,26.68,100,51.071,158.806,282.516,294.498,0.548,2.115
"Jan 17, 2016",2.136,0,100,55.202,129.854,275.116,288.648,0.258,4.505
"Jan 18, 2016",3.87,0,84.229,33.591,184.955,273.176,287.208,0.547,4.539
"Jan 19, 2016",3.212,0,75.7,29.788,190.351,270.186,283.948,0.487,3.42
"Jan 20, 2016",2.488,0,100,28.401,185.645,270.946,290.348,0.649,1.342
"Jan 21, 2016",3.272,0,100,35.131,135.899,275.346,293.878,0.687,2.523
"Jan 22, 2016",3.053,9.099,100,49.585,94.327,275.746,293.188,0.364,6.92
"Jan 23, 2016",1.995,0,94.854,57.594,137.972,270.426,278.658,0.184,8.102
"Jan 24, 2016",2.972,0,86.088,31.17,193.685,270.246,285.308,0.492,2.767
"Jan 25, 2016",2.701,0,100,28.388,193.293,270.686,292.668,0.705,1.342
"Jan 26, 2016",2.855,19.167,99.024,46.605,171.173,281.976,294.648,0.634,1.848
"Jan 27, 2016",2.145,3.504,86.346,57.502,68.28,286.036,293.638,0.559,1.842
"Jan 28, 2016",0.673,4.847,100,86.06,73.2,278.516,287.578,0,2.756
"Jan 29, 2016",4.453,0,99.027,34.765,198.719,275.756,292.078,0.671,4.347
"Jan 30, 2016",2.974,0,100,34.554,191.895,275.386,293.038,0.684,1.688
"Jan 31, 2016",1.679,0,100,63.243,165.362,276.695,288.249,0.172,2.031
"Feb 1, 2016",1.965,0,100,53.814,186.497,274.243,292.995,0.22,1.758
"Feb 2, 2016",1.219,0,100,73.116,183.933,275.916,293.247,0,4.19
"Feb 3, 2016",1.011,0,100,76.167,138.968,277.548,294.81,0,5.034
"Feb 4, 2016",0.478,0,100,100,57.348,278.929,284.809,0,4.528
"Feb 5, 2016",5.003,0,80.134,33.447,200.903,276.895,290.422,0.685,5.347
"Feb 6, 2016",3.745,0,100,35.765,48.136,277.001,294.959,0.722,3.81
"Feb 7, 2016",8.42,69.609,56.814,18.123,170.31,280.165,296.976,1.355,5.815
"Feb 8, 2016",7.357,0,53.965,26.708,198.409,283.813,294.898,1.184,5.575
"Feb 9, 2016",6.808,0,80.154,21.741,160.592,274.536,293.643,0.952,6.067
"Feb 10, 2016",5.719,0,55.686,19.629,212.231,274.337,289.14,0.833,4.781
"Feb 11, 2016",5.136,0,68.782,18.773,207.131,277.024,296.01,1.191,2.489
"Feb 12, 2016",5.499,0,85.246,40.512,206.102,282.568,294.841,0.792,5.466
"Feb 13, 2016",5.879,0,77.495,27.612,211.882,278.276,294.082,0.934,4.521
"Feb 14, 2016",5.209,0,83.941,34.477,187.116,280.945,295.163,0.885,4.064
"Feb 15, 2016",2.575,0,100,54.381,111.359,278.493,295.148,0.305,5.229
"Feb 16, 2016",1.147,0,100,65.759,212.701,271.011,288.976,0,4.297
"Feb 17, 2016",3.278,0,100,40.629,213.537,270.876,293.075,0.437,3.275
"Feb 18, 2016",3.942,1.244,99.302,44.159,215.915,278.254,291.303,0.531,4.151
"Feb 19, 2016",4.201,0,100,40.93,180.672,279.203,296.153,0.675,3.641
"Feb 20, 2016",3.297,0,100,40.552,217.827,279.201,296.165,0.685,1.475
"Feb 21, 2016",2.979,0,88.193,46.577,165.031,283.597,294.441,0.685,1.521
"Feb 22, 2016",2.583,25.815,85.284,73.128,185.865,285.892,289.664,0.308,2.373
"Feb 23, 2016",2.522,5.619,100,72.809,192.641,285.677,292.957,0.203,3.858
"Feb 24, 2016",5.839,0,96.818,49.843,203.085,285.35,296.804,0.679,8.746
"Feb 25, 2016",8.222,0,74.606,20.602,234.334,277.726,296.871,1.202,5.889
"Feb 26, 2016",5.7,0,72.857,24.041,237.202,275.45,291.847,0.864,4.181
"Feb 27, 2016",6.58,0,55.145,13.771,239.078,278.814,298.509,1.525,2.72
"Feb 28, 2016",5.916,0,46.474,16.639,238.716,284.311,299.49,1.702,2.09
"Feb 29, 2016",7.565,0,51.645,18.669,226.268,288.394,303.732,2.091,2.864
"Mar 1, 2016",4.978,0,100,30.039,237.013,278.58,298.935,1.019,2.399
"Mar 2, 2016",5.939,0,100,31.473,211.65,279.08,297.954,0.961,4.255
"Mar 3, 2016",5.968,6.906,93.147,27.447,240.891,279.72,298.454,1.12,3.231
"Mar 4, 2016",2.53,0,100,60.812,243.376,277.08,290.044,0.18,3.803
"Mar 5, 2016",3.692,0,100,38.707,213.245,277.46,294.574,0.646,2.148
"Mar 6, 2016",5.778,0,89.605,29.922,251.707,279.32,296.155,0.96,3.579
"Mar 7, 2016",4.745,0,100,40.445,209.302,280.19,298.104,0.734,3.667
"Mar 8, 2016",5.463,0,100,37.104,246.613,281.57,299.125,0.904,3.425
"Mar 9, 2016",6.178,0,97.931,40.004,220.104,285.68,300.454,1.006,4.497
"Mar 10, 2016",6.457,0,100,39.167,213.058,286.51,302.535,1.114,4.43
"Mar 11, 2016",5.959,0,97.67,39.727,244.601,286.75,301.695,1.089,3.35
"Mar 12, 2016",6.104,0,92.562,40.471,238.336,287.83,301.695,1.118,3.53
"Mar 13, 2016",5.013,5.988,95.027,52.312,165.93,289.47,299.975,0.79,4.74
"Mar 14, 2016",6.696,0,95.197,45.473,242.808,289.21,301.884,1.012,5.222
"Mar 15, 2016",7.803,0,82.384,35.5,260.035,289.51,303.555,1.449,4.287
"Mar 16, 2016",8.49,0,71.226,35.584,260.574,292.4,304.174,1.65,4.488
"Mar 17, 2016",4.43,11.46,96.01,52.546,151.926,288.84,299.405,0.751,3.852
"Mar 18, 2016",4.262,0.412,87.085,48.256,214.882,289.01,299.275,0.899,1.759
"Mar 19, 2016",4.107,0.281,87.7,55.554,204.065,289.92,298.204,0.735,2.186
"Mar 20, 2016",3.909,0,100,43.775,159.091,278.79,298.764,0.593,3.517
"Mar 21, 2016",5.859,0,81.473,27.691,281.978,274.52,290.345,0.72,5.175
"Mar 22, 2016",5.164,0,87.516,24.325,281.657,276.93,295.935,1.027,2.033
"Mar 23, 2016",5.469,0,100,33.409,269.733,280.37,299.475,0.987,2.54
"Mar 24, 2016",5.268,24.588,100,45.885,236.51,283.94,301.995,0.731,4.106
"Mar 25, 2016",3.981,1.134,100,66.508,246.624,288.81,296.704,0.389,3.469
"Mar 26, 2016",4.271,2.23,88.007,58.888,191.056,291.87,299.405,0.735,2.636
"Mar 27, 2016",5.1,5.641,95.722,53.21,187.458,291.63,302.134,0.871,3.715
"Mar 28, 2016",5.089,0,100,49.647,227.702,287.72,301.634,0.773,3.43
"Mar 29, 2016",4.493,0,94.58,47.444,215.708,286.4,298.095,0.784,2.444
"Mar 30, 2016",7.142,0,85.232,42.173,278.144,287.83,299.695,1.033,5.097
"Mar 31, 2016",6.582,0,91.836,41.928,262.063,290.717,303.469,1.225,3.269
"Apr 1, 2016",7.486,6.569,85.862,43.664,240.997,292.877,303.999,1.304,4.688
"Apr 2, 2016",4.368,9.169,100,50.696,155.604,284.217,300.799,0.541,5.998
"Apr 3, 2016",7.177,0,74.597,27.352,299.275,283.097,297.769,1.2,3.662
"Apr 4, 2016",5.594,0,82.143,28.415,285.073,284.047,299.919,1.283,1.728
"Apr 5, 2016",8.375,0,89.915,28.153,298.648,284.147,301.709,1.366,4.522
"Apr 6, 2016",6.435,0.267,93.371,45.57,251.645,286.617,298.079,0.827,5.915
"Apr 7, 2016",6.655,0,100,42.187,277.933,286.427,300.229,0.938,4.679
"Apr 8, 2016",8.692,0,94.933,28.816,302.429,284.027,302.179,1.355,4.964
"Apr 9, 2016",8.152,0,65.745,21.049,312.578,281.557,297.449,1.31,4.19
"Apr 10, 2016",7.081,0,83.742,31.215,248.341,283.917,298.779,1.15,4.262
"Apr 11, 2016",5.901,0,100,44.818,253.181,286.377,300.369,0.847,4.125
"Apr 12, 2016",6.164,0.534,99.551,41.713,263.796,288.057,302.049,1.06,3.13
"Apr 13, 2016",5.152,10.84,94.981,54.232,226.766,289.727,299.079,0.727,3.868
"Apr 14, 2016",5.567,0,84.246,55.011,207,290.067,297.209,0.75,5.374
"Apr 15, 2016",6.243,0,75.97,54.088,188.396,291.247,296.959,0.854,6.44
"Apr 16, 2016",6.756,0,84.889,47.902,175.352,288.837,298.109,0.877,7.801
"Apr 17, 2016",6.112,0,100,45.596,290.297,283.657,296.619,0.686,6.066
"Apr 18, 2016",6.829,0,95.849,34.878,314.907,283.197,298.679,1.003,3.809
"Apr 19, 2016",6.878,0,89.274,30.675,317.991,284.257,300.489,1.236,2.776
"Apr 20, 2016",6.61,0,94.97,37.472,293.847,285.847,300.409,1.073,3.308
"Apr 21, 2016",6.92,0.882,96.268,43.425,240.323,288.297,301.129,1.001,5.323
"Apr 22, 2016",5.897,12.047,96.307,45.56,214.849,289.977,302.229,1.026,3.601
"Apr 23, 2016",5.652,0,100,47.514,289.312,288.357,300.999,0.858,2.526
"Apr 24, 2016",7.026,0,98.245,40.711,304.861,288.397,302.559,1.123,3.503
"Apr 25, 2016",6.311,0,100,43.83,258.213,287.487,301.719,0.947,4.018
"Apr 26, 2016",6.738,0,88.661,40.019,278.918,289.967,302.749,1.245,2.967
"Apr 27, 2016",6.556,0.476,91.242,39.226,266.814,291.167,304.859,1.391,2.458
"Apr 28, 2016",6.289,0,93.303,40.203,301.33,291.077,304.779,1.34,1.759
"Apr 29, 2016",7.152,0.348,86.166,38.012,301.504,292.997,306.319,1.604,2.23
"Apr 30, 2016",8.184,0,94.455,41.321,285.721,293.132,305.835,1.376,4.493
"May 1, 2016",8.981,0,88.867,37.788,327.238,293.132,306.055,1.546,4.274
"May 2, 2016",6.587,0,98.683,42.209,233.517,292.932,306.095,1.322,3.145
"May 3, 2016",7.123,0,91.709,44.708,276.65,293.452,304.465,1.238,3.545
"May 4, 2016",2.571,63.485,100,66.614,161.18,286.152,297.035,0.169,4.21
"May 5, 2016",8.38,0,91.329,29.11,349.281,282.552,298.585,1.106,5.267
"May 6, 2016",7.225,0,86.412,27.871,352.676,281.612,297.165,1.063,3.438
"May 7, 2016",8.417,0,69.17,24.517,351.4,286.312,300.155,1.478,3.372
"May 8, 2016",7.297,0,91.064,25.567,346.329,286.122,304.285,1.615,1.93
"May 9, 2016",7.385,0,80.253,29.39,346.189,289.892,304.285,1.657,1.939
"May 10, 2016",7,0,100,45.088,284.057,290.802,303.205,1.038,4.204
"May 11, 2016",6.708,0,100,44.898,284.648,290.722,304.785,1.042,3.478
"May 12, 2016",6.504,0.278,100,39.961,278.141,290.922,305.965,1.29,2.347
"May 13, 2016",6.774,12.947,99.117,40.438,283.973,292.122,305.935,1.347,2.473
"May 14, 2016",8.736,0,95.617,32.802,347.867,288.752,304.635,1.454,3.875
"May 15, 2016",7.517,0,89.093,31.792,323.628,288.612,303.655,1.458,2.666
"May 16, 2016",8.343,0,89.034,40.935,315.205,292.622,304.355,1.341,4.348
"May 17, 2016",5.692,58.181,100,49.26,193.796,293.102,304.885,1.01,3.676
"May 18, 2016",5.036,12.957,100,52.315,192.725,293.602,304.275,0.922,2.832
"May 19, 2016",4.397,14.176,100,52.983,191.504,291.612,304.415,0.75,2.233
"May 20, 2016",4.877,2.498,100,61.676,272.791,292.592,302.005,0.533,1.74
"May 21, 2016",6.937,0,97.95,51.281,332.528,293.582,303.715,0.973,3.074
"May 22, 2016",7.625,0,100,42.702,341.424,287.602,302.725,0.944,5.139
"May 23, 2016",7.423,0,95.415,33.35,353.863,287.772,303.275,1.336,2.445
"May 24, 2016",7.773,0,100,40.622,340.231,289.202,304.315,1.133,3.898
"May 25, 2016",8.082,0,100,37.966,350.769,288.722,304.665,1.227,3.761
"May 26, 2016",8.225,0,92.883,38.065,350.992,290.002,303.345,1.275,3.837
"May 27, 2016",7.48,0,100,45.916,323.049,290.692,303.115,0.998,4.629
"May 28, 2016",7.434,0,100,40.521,309.23,291.352,305.765,1.289,3.119
"May 29, 2016",7.56,0,94.878,38.565,322.033,292.212,305.945,1.442,2.643
"May 30, 2016",7.984,0,91.372,34.723,319.684,292.722,307.365,1.701,2.589
"May 31, 2016",7.192,0,96.054,33.796,297.882,293.374,308.519,1.757,1.936
"Jun 1, 2016",7.617,24.728,96.422,34.822,342.623,293.334,308.119,1.687,1.878
"Jun 2, 2016",7.683,0,94.403,39.327,318.107,294.844,307.609,1.555,2.508
"Jun 3, 2016",7.535,15.557,94.921,40.89,279.559,295.704,308.069,1.548,2.941
"Jun 4, 2016",7.689,6.849,95.905,42.72,291.536,295.764,307.679,1.455,3.198
"Jun 5, 2016",6.814,20.501,100,47.223,260.149,295.144,306.669,1.178,3.424
"Jun 6, 2016",4.422,157.283,100,66.457,176.494,295.164,301.929,0.498,5.752
"Jun 7, 2016",6.896,0,91.105,46.187,244.07,295.084,304.849,1.236,3.709
"Jun 8, 2016",7.161,0,91.193,37.239,309.012,295.134,308.069,1.696,1.819
"Jun 9, 2016",5.351,0,96.861,42.791,221.749,295.104,307.129,1.395,1.519
"Jun 10, 2016",5.918,1.479,100,46.93,254.629,294.204,307.149,1.114,2.168
"Jun 11, 2016",7.214,0,94.365,45.879,333.89,295.764,306.319,1.298,2.128
"Jun 12, 2016",7.072,0,96.067,44.537,312.093,295.864,307.199,1.369,2.147
"Jun 13, 2016",7.614,0.517,98.888,43.449,304.885,296.514,308.809,1.482,2.702
"Jun 14, 2016",7.933,0,96.475,44.041,318.257,297.154,308.829,1.506,2.826
"Jun 15, 2016",8.648,0,93.007,43.958,319.717,297.014,308.019,1.498,3.939
"Jun 16, 2016",6.977,18.188,100,52.574,255.216,295.574,305.619,0.975,5.261
"Jun 17, 2016",8.252,0,100,54.812,338.363,296.674,305.789,0.96,6.479
"Jun 18, 2016",5.794,7.729,100,54.011,241.813,294.104,304.429,0.822,3.735
"Jun 19, 2016",6.247,0,100,52.579,278.175,291.004,303.279,0.69,5.797
"Jun 20, 2016",7.199,0,100,47.253,340.19,290.004,302.799,0.847,4.825
"Jun 21, 2016",7.718,0,99.595,40.112,350.383,291.154,304.309,1.215,3.151
"Jun 22, 2016",7.856,0,95.71,38.665,361.851,293.504,306.659,1.473,2.219
"Jun 23, 2016",7.666,0,94.903,42.152,334.841,296.534,308.509,1.554,2.106
"Jun 24, 2016",7.51,0,95.558,40.54,327.111,295.924,308.559,1.59,2.01
"Jun 25, 2016",7.892,0,94.202,37.815,343.862,296.204,309.619,1.783,1.879
"Jun 26, 2016",6.404,0,100,50.031,298.596,294.314,305.349,0.996,2.464
"Jun 27, 2016",6.463,0,99.797,43.756,275.97,294.774,306.999,1.32,2.111
"Jun 28, 2016",6.47,0.907,91.681,41.934,272.898,296.704,308.119,1.579,1.708
"Jun 29, 2016",7.219,0,99.375,42.624,278.588,295.404,307.989,1.431,2.82
"Jun 30, 2016",6.261,0,100,48.946,270.365,294.959,306.227,1.1,2.481
"Jul 1, 2016",5.53,7.278,98.523,53.219,246.027,295.629,304.897,0.981,2.137
"Jul 2, 2016",5.262,2.151,96.26,57.205,230.765,296.589,304.387,0.902,2.256
"Jul 3, 2016",6.799,2.266,100,50.791,313.331,296.009,306.637,1.09,2.352
"Jul 4, 2016",7.011,0,100,45.144,297.797,296.029,308.577,1.364,2.264
"Jul 5, 2016",8.327,0,97.142,44.47,360.161,296.139,307.887,1.411,2.882
"Jul 6, 2016",8.814,0,100,40.51,375.718,294.789,309.097,1.522,2.861
"Jul 7, 2016",8.668,0,94.718,38.282,370.587,295.969,309.467,1.751,2.306
"Jul 8, 2016",9.061,0,92.481,38.627,353.356,296.729,309.707,1.801,3.019
"Jul 9, 2016",9.28,0,97.047,38.93,371.75,295.979,309.687,1.718,3.071
"Jul 10, 2016",8.89,0,96.046,37.188,367.462,295.399,309.537,1.768,2.61
"Jul 11, 2016",6.806,7.392,100,41.846,309.093,295.779,308.957,1.526,1.548
"Jul 12, 2016",6.685,1.587,100,43.431,305.504,294.089,309.487,1.303,1.741
"Jul 13, 2016",7.399,1.065,100,46.085,353.044,294.929,308.227,1.223,2.023
"Jul 14, 2016",6.945,2.84,100,46.821,328.953,294.769,308.107,1.172,1.957
"Jul 15, 2016",6.955,45.775,100,46.887,312.214,294.039,307.667,1.115,2.636
"Jul 16, 2016",6.664,1.504,100,47.59,289.326,295.099,307.307,1.166,2.506
"Jul 17, 2016",7.227,1.357,100,49.443,316.189,295.129,307.037,1.077,3.264
"Jul 18, 2016",6.696,0,100,54.059,316.196,294.969,305.347,0.878,3.202
"Jul 19, 2016",7.445,0,100,44.757,324.246,295.119,307.347,1.312,2.648
"Jul 20, 2016",7.36,0.501,99.459,42.04,317.124,295.469,308.447,1.486,2.213
"Jul 21, 2016",7.224,0,100,45.372,307.884,295.359,308.037,1.297,2.625
"Jul 22, 2016",7.389,1.138,100,40.561,309.575,294.579,308.967,1.501,2.348
"Jul 23, 2016",7.034,0,100,40.787,311.325,294.149,308.567,1.451,1.984
"Jul 24, 2016",8.073,0,100,36.871,348.577,293.449,309.097,1.624,2.353
"Jul 25, 2016",7.338,0,93.88,42.472,313.964,295.449,307.197,1.455,2.39
"Jul 26, 2016",6.013,0,100,41.946,242.827,295.269,308.987,1.479,1.818
"Jul 27, 2016",7.497,4.563,97.363,40.22,359.098,296.149,309.447,1.655,1.325
"Jul 28, 2016",7.004,0,100,41.498,327.466,295.739,309.527,1.547,1.453
"Jul 29, 2016",7.356,0,96.808,39.765,315.86,296.009,309.357,1.668,1.934
"Jul 30, 2016",5.806,4.855,100,44.438,244.777,295.319,308.317,1.344,1.755
"Jul 31, 2016",7.438,13.356,100,43.287,301.675,295.766,308.651,1.458,2.673
"Aug 1, 2016",7.306,4.517,100,43.684,309.993,294.096,308.121,1.301,2.774
"Aug 2, 2016",7.12,4.448,95.927,42.033,329.928,295.456,307.831,1.495,1.771
"Aug 3, 2016",6.535,0.731,96.818,43.707,267.653,296.026,308.031,1.455,2.127
"Aug 4, 2016",4.639,5.001,100,58.073,192.317,295.836,304.301,0.814,2.477
"Aug 5, 2016",6.305,14.588,97.202,50.802,239.215,296.246,306.061,1.132,3.278
"Aug 6, 2016",5.796,2.54,95.385,61.806,267.362,296.126,302.611,0.747,3.635
"Aug 7, 2016",5.343,0,94.145,61.988,198.154,296.116,302.321,0.75,4.806
"Aug 8, 2016",5.653,0.277,94.185,57.991,197.732,296.156,303.381,0.874,4.534
"Aug 9, 2016",5.655,0.81,99.295,56.146,226.746,295.126,303.751,0.854,3.799
"Aug 10, 2016",6.669,0,100,45.264,303.443,295.426,307.461,1.324,1.956
"Aug 11, 2016",6.068,3.617,100,51.403,298.549,295.126,306.481,1.002,1.774
"Aug 12, 2016",6.579,9.557,100,46.5,286.053,294.646,307.821,1.195,2.453
"Aug 13, 2016",7.624,8.727,100,46.179,320.321,294.496,308.141,1.198,3.522
"Aug 14, 2016",6.64,10.368,100,50.99,292.656,295.026,305.931,1.024,3.156
"Aug 15, 2016",7.342,0.346,96.281,45.849,293.214,296.396,307.601,1.375,3.032
"Aug 16, 2016",6.232,3.439,100,46.989,244.117,295.566,307.181,1.249,2.683
"Aug 17, 2016",6.249,0,100,46.425,243.77,295.366,307.511,1.259,2.682
"Aug 18, 2016",6.683,1.957,100,45.744,293.554,295.716,308.031,1.321,2.172
"Aug 19, 2016",6.245,28.395,99.447,45.675,323.617,296.106,307.951,1.358,0.956
"Aug 20, 2016",6.816,0,100,44.362,292.006,295.636,308.351,1.388,2.261
"Aug 21, 2016",8.19,0,98.429,43.244,332.311,295.776,308.231,1.46,3.274
"Aug 22, 2016",6.577,0,90.254,40.581,308.015,297.386,309.291,1.756,1.246
"Aug 23, 2016",5.969,1.66,95.803,48.378,210.917,297.446,307.811,1.335,2.73
"Aug 24, 2016",7.301,0,100,48.705,254.772,295.546,306.491,1.168,4.81
"Aug 25, 2016",7.837,0,97.009,46.661,283.36,295.606,306.631,1.272,4.625
"Aug 26, 2016",6.416,0,100,55.318,286.783,294.106,305.241,0.767,4.966
"Aug 27, 2016",7.211,0.445,100,50.433,269.89,295.826,306.821,1.102,4.679
"Aug 28, 2016",6.486,1.354,99.052,51.402,193.439,296.596,306.601,1.124,4.919
"Aug 29, 2016",7.638,0.395,96.231,46.82,240.204,295.906,306.751,1.289,5.114
"Aug 30, 2016",4.747,10.555,89.519,59.52,175.641,296.486,302.411,0.874,3.122
"Aug 31, 2016",5.076,0.589,95.121,63.373,245.411,295.658,301.798,0.694,2.96
"Sep 1, 2016",4.4,61.502,98.302,72.148,203.25,295.808,300.558,0.451,5.728
"Sep 2, 2016",7.397,12.325,100,52.371,203.162,295.268,305.488,1.004,8.202
"Sep 3, 2016",3.215,24.239,98.276,58.131,133.826,295.358,303.388,0.816,1.332
"Sep 4, 2016",5.157,23.791,95.19,55.926,225.113,295.528,303.578,0.915,2.579
"Sep 5, 2016",4.375,0,100,53.112,166.545,290.288,303.378,0.658,3.962
"Sep 6, 2016",6.321,0,100,44.714,279.456,290.778,304.438,1.032,3.268
"Sep 7, 2016",6.484,0,100,41.395,303.896,289.088,305.878,1.085,2.776
"Sep 8, 2016",6.315,0,100,42.53,302.487,289.528,306.008,1.059,2.589
"Sep 9, 2016",6.578,0,100,45.757,297.673,292.448,306.378,1.093,2.979
"Sep 10, 2016",6.434,0,100,44.382,257.401,294.518,307.688,1.315,2.742
"Sep 11, 2016",6.302,0,100,44.318,275.829,294.278,307.598,1.299,2.281
"Sep 12, 2016",6.253,2.407,100,47.758,275.667,294.918,306.238,1.183,2.566
"Sep 13, 2016",5.11,23.287,98.019,62.174,250.812,295.158,302.108,0.685,3.186
"Sep 14, 2016",5,5.775,100,61.086,250.062,294.528,302.538,0.661,3.044
"Sep 15, 2016",4.522,0,100,49.051,201.007,294.688,305.808,1.107,1.555
"Sep 16, 2016",5.102,0,99.323,51.552,163.594,295.278,305.328,1.046,3.408
"Sep 17, 2016",5.671,0,100,49.29,197.238,295.328,306.318,1.141,3.335
"Sep 18, 2016",5.096,0,97.882,46.83,231.77,295.528,306.788,1.274,1.542
"Sep 19, 2016",4.056,57.807,100,51.218,192.171,293.448,306.128,0.905,1.372
"Sep 20, 2016",3.58,0.774,100,51.863,133.858,294.208,305.648,0.941,1.768
"Sep 21, 2016",5.304,0,100,52.423,249.848,294.278,304.918,0.935,2.39
"Sep 22, 2016",4.072,0,100,50.685,197.323,293.668,305.318,0.96,1.283
"Sep 23, 2016",5.074,0,100,49.041,253.446,293.498,305.948,1.015,1.665
"Sep 24, 2016",4.578,0,100,47.994,192.862,293.858,306.998,1.082,1.88
"Sep 25, 2016",4.25,0,100,49.4,155.906,294.088,306.268,1.038,2.2
"Sep 26, 2016",5.175,0,100,48.444,241.377,293.378,304.998,1.043,2.137
"Sep 27, 2016",4.71,0,100,45.83,216.773,293.558,305.728,1.172,1.607
"Sep 28, 2016",5.163,3.974,99.743,49.579,210.623,293.588,304.198,1.018,2.838
"Sep 29, 2016",4.81,0,99.661,52.393,175.68,294.018,303.808,0.937,3.229
"Sep 30, 2016",4.741,0,100,45.394,213.496,291.628,304.715,1.11,1.913
"Oct 1, 2016",5.478,0,83.067,36.163,225.893,292.238,305.025,1.566,1.915
"Oct 2, 2016",5.281,33.323,98.332,44.056,197.485,292.618,305.485,1.24,2.584
"Oct 3, 2016",5.028,1.478,94.956,52.053,188.703,293.678,303.445,0.98,3.25
"Oct 4, 2016",6.359,0.982,86.674,49.068,199.57,294.338,303.435,1.153,4.65
"Oct 5, 2016",5.284,14.89,83.603,56.461,125.125,293.664,299.972,0.877,5.725
"Oct 6, 2016",4.729,38.261,89.35,66.651,137.537,293.687,298.622,0.591,8.203
"Oct 7, 2016",4.474,50.5,87.007,71.121,106.051,295.102,298.619,0.564,9.003
"Oct 8, 2016",7.141,0,95.037,48.493,215.989,292.517,303.308,1.043,6.941
"Oct 9, 2016",6.157,0,100,38.605,233.948,287.232,302.386,1.107,3.909
"Oct 10, 2016",5.987,0,90.245,44.795,192.465,288.38,299.173,0.922,5.496
"Oct 11, 2016",5.194,0,94.907,54.168,199.629,289.705,298.636,0.708,5.845
"Oct 12, 2016",5.594,0,94.363,53.84,199.794,291.369,300.382,0.797,5.957
"Oct 13, 2016",5.405,0,100,46.815,232.082,287.797,301.815,0.822,4.405
"Oct 14, 2016",5.735,0,100,46.926,232.299,289.393,302.354,0.907,4.526
"Oct 15, 2016",5.168,3.089,100,51.989,160.442,290.759,302.439,0.795,5.656
"Oct 16, 2016",5.692,0,97.501,49.59,192.279,291.36,302.182,0.928,5.07
"Oct 17, 2016",4.921,0,100,48.751,175.053,289.845,302.897,0.86,4.135
"Oct 18, 2016",5.14,0,100,46.319,222.078,288.78,302.792,0.894,3.568
"Oct 19, 2016",5.198,0,100,45.394,222.142,289.271,302.31,0.958,3.389
"Oct 20, 2016",4.999,0,95.733,44.282,191.502,290.393,302.527,1.07,3.037
"Oct 21, 2016",5.524,0,100,36.07,214.061,283.056,303.245,1.03,3.57
"Oct 22, 2016",5.642,0,90.199,26.934,228.347,279.059,296.029,0.984,3.732
"Oct 23, 2016",5.224,0,90.235,24.314,226.281,279.143,297.471,1.108,2.726
"Oct 24, 2016",4.257,0,95.988,26.449,220.282,280.578,299.036,1.151,1.718
"Oct 25, 2016",5.025,0,100,30.556,209.575,281.94,300.724,1.123,2.649
"Oct 26, 2016",5.411,0,100,42.837,157.87,288.085,301.973,0.987,4.576
"Oct 27, 2016",4.642,0,100,51.795,160.455,288.981,300.88,0.714,5.232
"Oct 28, 2016",5.422,0,95.893,46.81,189.276,289.449,300.713,0.917,4.772
"Oct 29, 2016",6.244,0,90.926,42.436,205.833,290.292,302.151,1.132,4.734
"Oct 30, 2016",4.401,0,100,43.093,202.419,286.986,302.193,0.92,2.646
"Oct 31, 2016",4.235,0,100,41.584,202.572,286.645,302.285,1.019,2.131
"Nov 1, 2016",5.379,0,96.656,44.495,196.768,288.562,301.567,1.005,4.054
"Nov 2, 2016",4.073,0,95.423,50.811,91.491,290.423,301.31,0.886,3.769
"Nov 3, 2016",3.938,3.639,93.1,46.51,135.214,288.251,299.922,0.91,2.808
"Nov 4, 2016",5.268,0.483,100,38.833,171.933,287.046,302.629,1.152,3.445
"Nov 5, 2016",5.198,0,91.031,48.563,184.712,287.121,297.685,0.785,5.61
"Nov 6, 2016",4.587,0.559,91.499,50.702,153.997,287.606,297.638,0.749,4.898
"Nov 7, 2016",4.55,0,100,49.86,170.717,286.992,298.737,0.736,4.708
"Nov 8, 2016",3.914,0,92.859,53.689,168.689,288.02,297.456,0.686,3.667
"Nov 9, 2016",2.138,0.386,100,51.725,84.996,283.195,297.11,0.514,1.791
"Nov 10, 2016",3.831,0,100,33.72,190.074,279.48,297.386,0.89,2.225
"Nov 11, 2016",4.553,0,97.008,30.65,190.384,279.709,297.329,0.984,2.839
"Nov 12, 2016",4.504,0,85.762,35.058,172.117,283.414,297.497,1.001,2.939
"Nov 13, 2016",2.922,0,100,50.931,142.684,286.111,297.969,0.663,2.082
"Nov 14, 2016",2.044,0,100,55.561,99.307,279.804,291.811,0.341,2.66
"Nov 15, 2016",3.823,0,88.47,29.643,182.673,279.675,296.252,0.979,2.095
"Nov 16, 2016",4.106,0,97.908,27.799,180.995,278.474,297.456,1.03,2.256
"Nov 17, 2016",4.032,0,100,28.84,180.974,279.39,298.365,1.06,2.138
"Nov 18, 2016",2.837,0,100,32.09,177.587,279.32,299.381,0.988,1.092
"Nov 19, 2016",5.196,0,100,32.494,176.348,277.017,299.114,0.897,4.307
"Nov 20, 2016",5.262,0,70.427,19.72,184.187,273.536,291.114,0.868,4.179
"Nov 21, 2016",4.868,0,58.556,13.533,181.912,273.447,292.665,1.055,2.811
"Nov 22, 2016",4.245,0,89.968,26.149,175.556,277.122,295.382,0.963,2.64
"Nov 23, 2016",3.198,0,100,46.441,136.553,282.63,299.155,0.645,2.867
"Nov 24, 2016",3.09,0,100,45.908,138.76,284.61,301.122,0.752,2.163
"Nov 25, 2016",2.816,0,100,44.277,155.426,284.635,301.069,0.811,1.454
"Nov 26, 2016",3.631,0,98.405,38.203,158.338,281.342,296.227,0.809,2.66
"Nov 27, 2016",3.861,0,100,45.815,163.837,280.582,295.822,0.577,4.878
"Nov 28, 2016",3.865,0,100,48.36,157.838,281.393,298.287,0.537,5.676
"Nov 29, 2016",5.322,0,89.231,45.655,158.218,290.207,301.591,1.06,4.514
"Nov 30, 2016",4.907,0,86.368,51.247,141.575,291.936,301.026,0.993,4.42
"Dec 1, 2016",1.711,0.969,100,56.631,52.185,279.953,293.983,0.313,2.775
"Dec 2, 2016",4.873,0,63.961,23.928,164.042,278.996,293.207,1.014,3.33
"Dec 3, 2016",4.558,0,83.135,32.881,146.16,280.564,294.785,0.904,3.623
"Dec 4, 2016",3.911,0,100,43.987,76.743,285.043,299.978,0.853,3.693
"Dec 5, 2016",4.613,15.478,100,49.093,110.817,289.749,302.048,0.927,4.557
"Dec 6, 2016",4.467,16.72,100,48.315,83.907,284.692,300.323,0.692,6.486
"Dec 7, 2016",2.952,0,100,45.089,158.335,281.127,295.986,0.632,2.416
"Dec 8, 2016",3.857,0,97.284,38.558,157.432,279.853,294.28,0.734,3.463
"Dec 9, 2016",3.853,0,77.446,37.23,146.846,276.685,287.699,0.577,4.675
"Dec 10, 2016",3.275,0,100,44.372,153.441,277.178,290.862,0.494,4.326
"Dec 11, 2016",2.53,0,100,50.528,86.389,279.994,296.65,0.447,3.489
"Dec 12, 2016",3.131,0,97.676,48.447,147.982,287.393,299.151,0.82,2.131
"Dec 13, 2016",2.961,0,95.263,42.021,151.69,286.923,300.398,1.016,1.477
"Dec 14, 2016",3.388,0,85.646,49.493,111.798,289.229,298.565,0.891,2.591
"Dec 15, 2016",2.957,0,100,47.3,153.947,278.182,293.703,0.472,3.723
"Dec 16, 2016",3.772,0,100,39.743,146.027,278.665,296.681,0.699,3.618
"Dec 17, 2016",3.797,0,100,45.971,148.9,283.168,300.453,0.707,3.783
"Dec 18, 2016",4.068,1.849,90.301,48.001,101.55,290.907,301.724,1.041,3.226
"Dec 19, 2016",2.52,8.683,100,51.893,120.077,284.12,299.957,0.547,2.294
"Dec 20, 2016",0.605,0,100,87.471,46.892,281.988,286.145,0.027,3.908
"Dec 21, 2016",1.186,0,100,67.864,154.56,276.192,287.797,0.084,2.717
"Dec 22, 2016",3.052,0,100,35.427,152.776,277.681,295.935,0.772,2.043
"Dec 23, 2016",3.574,0,91.103,44.267,150.863,283.311,294.953,0.733,3.156
"Dec 24, 2016",3.146,0,100,44.265,149.013,283.392,299.716,0.769,2.256
"Dec 25, 2016",3.685,6.55,97.458,51.853,79.521,288.095,298.823,0.752,4.076
"Dec 26, 2016",4.666,0,94.814,48.609,115.825,288.946,300.264,0.9,4.719
"Dec 27, 2016",2.726,0,98.492,48.534,150.867,287.733,299.632,0.835,1.477
"Dec 28, 2016",2.513,0,97.503,50.568,139.791,287.716,298.81,0.771,1.394
"Dec 29, 2016",4.085,4.194,100,43.112,117.087,278.473,298.621,0.618,5.476
"Dec 30, 2016",3.976,0,74.782,27.311,164.535,271.542,285.707,0.569,4.655
"Dec 31, 2016",2.359,0,100,36.396,78.19,271.905,294.039,0.581,1.925
"Jan 1, 2017",4,0,100,41.5,155.9,282.9,299.8,0.86,3.2
"Jan 2, 2017",4.1,2,100,49.4,150.4,287.2,301.2,0.79,3.8
"Jan 3, 2017",3.4,5.4,100,56.1,95.8,286.4,299.5,0.54,5.2
"Jan 4, 2017",3.8,0,100,44.4,167.8,281.9,295.6,0.69,3.7
"Jan 5, 2017",3.6,0,86.9,39.4,168.5,281.4,294.5,0.79,2.7
"Jan 6, 2017",3.9,23.8,95,37.7,155.7,282,297.1,0.89,2.9
"Jan 7, 2017",2.1,0,100,51.4,104.4,270.1,288.8,0.21,7
"Jan 8, 2017",3,0,79.3,38.3,181.4,269.8,280.9,0.35,5.6
"Jan 9, 2017",3,0,100,38,172.1,272.3,288.6,0.48,3.4
"Jan 10, 2017",2.7,0,100,41.3,139.9,275.8,294.2,0.56,2.3
"Jan 11, 2017",3.3,0,100,44.5,164.6,279.6,295.8,0.61,3
"Jan 12, 2017",3.6,0,100,37.9,172.3,280.5,298.9,0.87,2.3
"Jan 13, 2017",3.8,0,98.3,46,164.5,285.3,298.3,0.81,2.9
"Jan 14, 2017",3.3,0,100,47.7,106.6,283.8,297,0.69,3.2
"Jan 15, 2017",3.6,0,100,43.8,173.8,283.8,298.2,0.8,2.5
"Jan 16, 2017",4.5,0,100,41.4,174.3,282.3,299.4,0.83,3.8
"Jan 17, 2017",3.6,0,100,41.1,168.6,282.1,299.9,0.84,2.4
"Jan 18, 2017",4.6,0,96.6,38.6,177.6,283.4,298.6,0.95,3.4
"Jan 19, 2017",3.8,1.9,79.1,39.8,178.5,287,298.8,1.09,2
"Jan 20, 2017",5.2,0,82.9,42.9,175.1,288.5,300.1,1.09,3.8
"Jan 21, 2017",6.2,0,80.1,42.1,171,289.8,301.1,1.2,4.8
"Jan 22, 2017",6,8,100,45.5,157.8,284.2,301.4,0.79,8.6
"Jan 23, 2017",4.3,0,92.5,53.5,155.3,282.4,292,0.5,8.5
"Jan 24, 2017",5.2,0,98,32.8,192.5,277.8,295,0.83,4.7
"Jan 25, 2017",5.1,0,100,32,191.3,278.1,299,0.98,3.5
"Jan 26, 2017",5,0,100,43.4,151.8,282.6,298.9,0.77,5.4
"Jan 27, 2017",4.7,0,73.6,32.4,195.8,277.2,290.1,0.72,4.4
"Jan 28, 2017",3,0,63.8,43.9,88.7,276.8,283.3,0.46,3.7
"Jan 29, 2017",4.1,0,77.7,38.6,173.6,278.1,289.4,0.63,4.2
"Jan 30, 2017",4.4,0,78.6,26.4,203.6,273.2,289.4,0.71,3.7
"Jan 31, 2017",4.1,0,100,29.9,199.5,269.1,294.4,0.69,3.2
"Feb 1, 2017",3,0,100,38.3,190.1,273.2,294.1,0.55,2.3
"Feb 2, 2017",2.3,0,100,45.5,190.5,273.7,292.7,0.39,1.6
"Feb 3, 2017",1.4,0,100,65,190.5,274.2,289,0.05,2.3
"Feb 4, 2017",3.1,0,100,51.4,115.3,280.7,293.8,0.46,4.2
"Feb 5, 2017",2.2,0,100,51.1,189.4,275.1,293.8,0.3,1.8
"Feb 6, 2017",3.5,0,100,39,193.4,275.7,296.5,0.63,2.6
"Feb 7, 2017",4.6,22.4,100,44.8,176.9,283.8,298.5,0.76,4.1
"Feb 8, 2017",1.3,0,100,83.4,194.8,280.9,291.7,0,5.7
"Feb 9, 2017",7.2,0,86.5,33.4,205.5,283,298.4,1.07,6.3
"Feb 10, 2017",7.3,0,46.9,17.8,206.1,285.7,300.3,1.78,3.4
"Feb 11, 2017",5.6,0,66.5,27,206.3,286.1,300.6,1.49,2.5
"Feb 12, 2017",6.5,0,78.5,36,204.1,286.5,299.5,1.17,4.7
"Feb 13, 2017",2.6,0,100,62.8,204.3,280.7,291.1,0.25,4.6
"Feb 14, 2017",2.5,0,100,60.6,204.6,280.7,292.3,0.27,2.5
"Feb 15, 2017",6.1,0,100,40.9,177.4,281.3,299.3,0.79,7.7
"Feb 16, 2017",7.7,0,42.3,16,223.1,284.4,298.5,1.66,3.7
"Feb 17, 2017",5.3,0,40.7,15.2,222.2,285,299.3,1.77,1.8
"Feb 18, 2017",4.8,0.4,75.2,29.6,109.2,284.9,300,1.33,2.5
"Feb 19, 2017",4.2,0,84.4,35.3,201.3,285.6,300,1.17,1.7
"Feb 20, 2017",4.9,0,78.1,33.7,215.6,286.3,300.2,1.26,2.2
"Feb 21, 2017",5.9,0,99.9,37.6,185.8,284.9,301.1,1.08,4.2
"Feb 22, 2017",5.3,7.4,100,43.7,125.2,284.3,299.8,0.83,5.7
"Feb 23, 2017",5.8,1.8,100,41.2,161.2,284.4,300.6,0.92,5.5
"Feb 24, 2017",5.6,0,100,39.5,221.8,285,301.1,1.02,3.6
"Feb 25, 2017",6.6,0,92.1,34.4,225.2,285.1,301.3,1.21,4.1
"Feb 26, 2017",8.3,0,44.8,14.1,240.3,284,300.7,1.85,3.6
"Feb 27, 2017",3.1,0,100,56.9,192.6,280.9,294.7,0.33,4.5
"Feb 28, 2017",4.8,0,100,46.2,195,286.7,301.1,0.86,3.4
"Mar 1, 2017",6.2,0,95.8,43.2,226,288.2,301.7,1.04,4.4
"Mar 2, 2017",3.5,7.3,100,47.9,125,280.6,295.6,0.52,4
"Mar 3, 2017",6.5,0,81.2,24.9,247.2,276,293.3,0.9,5.3
"Mar 4, 2017",6.6,0,86.9,28.5,241.1,278.3,295.2,0.94,5.3
"Mar 5, 2017",5.4,0,100,42.7,194.1,281.4,295.1,0.68,6.3
"Mar 6, 2017",5.4,0,100,39.8,127.8,281.2,297.3,0.78,5.9
"Mar 7, 2017",4.8,0,100,41.6,153.2,282.4,299.4,0.8,4.1
"Mar 8, 2017",4.5,0,100,39.5,219.3,285.5,300.9,1.02,1.9
"Mar 9, 2017",5.6,0,95.9,35.1,240.3,284.9,301.2,1.16,2.6
"Mar 10, 2017",6.8,0,100,31.8,233.1,282,301.4,1.16,4.2
"Mar 11, 2017",6.2,0,90.9,29.8,255.4,281.2,298.6,1.1,3.4
"Mar 12, 2017",4.9,0,93.9,44.7,153.9,285.4,297.8,0.82,4.3
"Mar 13, 2017",1.9,16.1,100,65.1,91.2,281.8,292.8,0.2,4.1
"Mar 14, 2017",3.7,0,100,50.8,264.7,276.2,289.4,0.34,6.4
"Mar 15, 2017",4.6,0,82.2,30.4,245.5,272.2,286.6,0.55,5
"Mar 16, 2017",5.3,0,61.8,17.9,274.6,272.5,289.5,0.83,3.2
"Mar 17, 2017",5.3,0,95.3,22.9,270,273.7,294.4,0.92,2.7
"Mar 18, 2017",6.4,0,100,25.8,267.6,277.7,298.8,1.12,3.4
"Mar 19, 2017",6.5,0,100,28.1,274.3,276,296.7,0.93,4.6
"Mar 20, 2017",5.1,0,94.9,24,272.4,277.3,297.8,1.12,1.8
"Mar 21, 2017",7.2,0,88,25.1,268.7,282.7,302.2,1.47,3.1
"Mar 22, 2017",9.1,0,75.1,28.2,268.9,288.7,304.6,1.76,4.5
"Mar 23, 2017",5.1,0,100,50.3,166.5,284.1,296.6,0.6,7.5
"Mar 24, 2017",5.7,0,98.5,43.8,167.6,284.7,298.1,0.81,5.7
"Mar 25, 2017",6.4,0,100,40,237.9,284.9,300.2,0.96,4.8
"Mar 26, 2017",6.6,0,100,38.8,223.3,285.4,301.9,1.06,4.6
"Mar 27, 2017",6.6,0,96,34.8,265.6,285.5,302,1.22,3.3
"Mar 28, 2017",5.1,0,91.3,30.4,267.6,285.9,303.6,1.47,1.2
"Mar 29, 2017",6.3,0,87.7,27.4,272.4,286.5,305.1,1.7,1.8
"Mar 30, 2017",8.4,0,88.8,31.4,250.6,288.2,305.2,1.61,4.3
"Mar 31, 2017",7.2,0,94.2,37.1,175.6,287.4,302.9,1.25,5.1
"Apr 1, 2017",7.6,0,79,19.3,296.4,284,304.4,1.86,2.4
"Apr 2, 2017",8.4,0,89.9,24.3,281,286.6,306.6,1.89,3.2
"Apr 3, 2017",8.7,6.1,88.8,37.2,195.1,292.1,306.2,1.58,5.7
"Apr 4, 2017",2.5,69.1,100,72.6,118.5,290.6,297.5,0.27,3.2
"Apr 5, 2017",8.9,0.8,95,39.1,284.6,291.7,306.2,1.46,5.3
"Apr 6, 2017",6.7,0,100,39.9,301.7,281,298.2,0.75,6.9
"Apr 7, 2017",7.6,0,75.7,23.9,309.3,278.9,295.1,1.05,5
"Apr 8, 2017",6.1,0,74.7,20.4,311.1,278.6,296.7,1.19,2.2
"Apr 9, 2017",6.9,0,81.2,25.7,307.8,282,298.8,1.24,3
"Apr 10, 2017",6.3,0,100,37.7,251.9,283.8,300.2,0.97,4.1
"Apr 11, 2017",7,0,97,36,295.3,285,300.4,1.08,4
"Apr 12, 2017",6.8,0,96.3,37.9,297.9,286,300.6,1.07,3.7
"Apr 13, 2017",7.5,0,90.7,35.2,306.4,285.4,300.1,1.12,4.5
"Apr 14, 2017",7.9,0,89.4,37.5,307.6,287.1,300.8,1.14,5
"Apr 15, 2017",7.8,0,94.9,39.6,303.8,287,300.9,1.07,5.5
"Apr 16, 2017",7.1,0,100,38.5,308,285.4,301,1.02,4.3
"Apr 17, 2017",7.3,0,97.8,36.6,299.5,286.8,302.3,1.19,3.8
"Apr 18, 2017",7.7,0,98.5,37.1,291,287.6,303.1,1.23,4.4
"Apr 19, 2017",7.7,0,98.5,37.3,273.3,287,302.4,1.18,4.9
"Apr 20, 2017",7.6,0,100,33.7,292.8,284.2,302.8,1.2,4.1
"Apr 21, 2017",8.5,0,74.7,26.9,315.5,288.5,303.9,1.73,3.3
"Apr 22, 2017",7.4,0,82.1,35.6,268,291.1,304.4,1.54,3.1
"Apr 23, 2017",7,3.8,82.7,37.2,279.4,291.5,304.3,1.49,2.7
"Apr 24, 2017",6.1,0,100,42.9,271,284.2,297.6,0.79,4.7
"Apr 25, 2017",8.2,0,80.3,26.7,317.7,284.8,301.2,1.42,3.8
"Apr 26, 2017",6.6,0,70.9,28.9,319.9,288.2,301.7,1.54,1.8
"Apr 27, 2017",8.2,0,73.3,24.6,313.2,290.9,307.6,2.18,2.3
"Apr 28, 2017",9.9,0,77.5,31.7,311.3,293.8,308.1,2.05,4
"Apr 29, 2017",11.6,0,72.6,31.8,303,293.9,307,2,6.2
"Apr 30, 2017",10.5,0,76.4,35.9,263.1,294.1,306.2,1.78,6.3
"May 1, 2017",9.2,0,86.2,37.3,282.9,293.4,306,1.59,5
"May 2, 2017",7.9,0,99,27.9,316.8,285.7,304.1,1.48,3.2
"May 3, 2017",10,0,76.9,25.5,333.5,289.3,304.8,1.81,4.4
"May 4, 2017",7.9,4,100,38.1,246.1,288.6,305.3,1.23,5.4
"May 5, 2017",6,0,100,47.6,340.7,283,296.5,0.56,7.1
"May 6, 2017",10,0,72.2,20.6,354.2,282.8,299.3,1.41,5.6
"May 7, 2017",8.9,0,68.1,18.4,348.4,286.3,303.5,1.88,2.9
"May 8, 2017",8.8,0,79.3,18.7,349.1,284.2,303.8,1.79,2.9
"May 9, 2017",7.5,0,74.9,17.2,346.8,286.4,306.2,2.13,1.6
"May 10, 2017",8.3,0,66.2,18.4,344.7,290.8,308,2.46,1.8
"May 11, 2017",10.6,0,59.3,17.4,338.4,291.7,307.6,2.54,3.3
"May 12, 2017",11,0,55.6,20,345.9,292.6,305.8,2.34,3.9
"May 13, 2017",5.8,0,99,54.5,246.3,290.5,299.7,0.71,5.3
"May 14, 2017",7.3,0,93.6,41.4,295.6,290.5,302.8,1.16,3.9
"May 15, 2017",8.8,0,100,30.8,337.7,287.8,305.5,1.52,3.9
"May 16, 2017",9.9,0,86.2,28.5,349.9,290.6,306.7,1.84,4
"May 17, 2017",10.5,0,86.9,31.5,347,291.6,306.6,1.76,5.1
"May 18, 2017",9.9,0,84.3,31.2,342,291.2,305.8,1.72,4.5
"May 19, 2017",8.4,9.7,86.9,43.6,266,295.2,305.8,1.43,4.9
"May 20, 2017",9.1,0,88.6,36.5,256,294.6,308.1,1.77,4.6
"May 21, 2017",5.3,32.6,99,46.1,166.4,293.3,305.3,1.17,2.8
"May 22, 2017",6.3,7.3,95.1,42.3,242.9,294,306.5,1.4,2.4
"May 23, 2017",8.2,61,93.8,47.6,284,293.8,304.3,1.14,6
"May 24, 2017",2.8,55.2,100,73,162.8,290.6,298.4,0.17,7.9
"May 25, 2017",7.2,0,100,41.9,313.9,286.5,301.1,0.9,5.2
"May 26, 2017",8.3,0,86.5,26.1,361.4,287.3,304.4,1.66,2.6
"May 27, 2017",8.7,0,86.6,27.2,354.2,290.1,307,1.9,2.6
"May 28, 2017",9.7,0,88,37.1,347.3,294.2,307.3,1.69,4.3
"May 29, 2017",7.7,0,93,37.3,346.3,294.1,308.1,1.69,1.9
"May 30, 2017",7.4,0,100,39.5,302,293,307.4,1.48,2.6
"May 31, 2017",5.8,0,100,44.3,273.9,293.4,306.7,1.26,1.4
"Jun 1, 2017",6.7,19.3,99,40.3,292.7,294,307.2,1.43,2
"Jun 2, 2017",4.3,51.9,100,56.2,199.2,292.6,303.4,0.64,2.1
"Jun 3, 2017",5.9,0,100,50.6,282.6,293.3,304,0.91,2.3
"Jun 4, 2017",5.9,10.3,94.4,51.9,246.2,295.1,303.8,1,2.8
"Jun 5, 2017",5.3,0,97.6,57.2,229.3,294.8,302.6,0.79,3
"Jun 6, 2017",3.5,72.5,100,67,131.2,293.8,299.7,0.47,3.8
"Jun 7, 2017",3.3,96.2,100,65.9,139.5,293.1,299.9,0.45,3
"Jun 8, 2017",2.5,0.4,100,75.2,173.1,289.3,296.7,0.07,3.3
"Jun 9, 2017",7.4,0,97.2,48.4,352.9,292.5,302.6,0.97,3.7
"Jun 10, 2017",6.5,1.4,90.2,48.4,238.8,295.7,304.6,1.19,3.3
"Jun 11, 2017",4.5,4,99.6,53.4,162.5,295.3,304.6,0.94,2.4
"Jun 12, 2017",4.3,0.4,100,59.7,174.7,294.8,302.5,0.7,2.6
"Jun 13, 2017",5,5.9,100,57.1,256.7,292.9,302.9,0.65,2.2
"Jun 14, 2017",4.5,16.4,100,47.2,182.5,293.7,305.9,1.08,1.6
"Jun 15, 2017",6.4,25.4,100,47.3,270.3,294.6,306,1.14,2.6
"Jun 16, 2017",4.6,9.8,97.7,59.8,205.2,294.6,301.8,0.71,2.4
"Jun 17, 2017",4.8,5.8,100,47.9,174.9,294.4,306.1,1.09,2.1
"Jun 18, 2017",6,3.9,100,50.9,234,295.1,306.1,1.01,3.2
"Jun 19, 2017",4.9,27.7,99.4,55.9,168.6,295.6,304.2,0.87,3.3
"Jun 20, 2017",6.4,2.1,94.6,56.4,223.2,296.9,304.5,0.95,4.9
"Jun 21, 2017",6.1,43.8,100,50.6,205.2,295,306.8,1,4.2
"Jun 22, 2017",6.9,0,100,50.1,263.5,296.2,307.3,1.11,3.8
"Jun 23, 2017",7.7,0,100,48.4,329.9,295.4,307,1.14,3.5
"Jun 24, 2017",7.4,0,100,46.5,310,295.9,307.4,1.27,2.9
"Jun 25, 2017",6.5,0,100,47.9,286.5,295.6,306.9,1.18,2.2
"Jun 26, 2017",5.8,58.9,100,47.3,277.2,294.7,306.8,1.14,1.5
"Jun 27, 2017",4.3,10.9,100,58.9,219.1,294.5,303.2,0.69,1.3
"Jun 28, 2017",6.3,0,95.7,55.6,261.6,295.5,303.5,0.89,4
"Jun 29, 2017",6.6,10.5,95.4,49.1,235.8,296.2,306,1.19,3.6
"Jun 30, 2017",6.4,14,100,46.7,270.7,294.9,307.5,1.18,2.3
"Jul 1, 2017",7,0.4,99.9,51.2,311.7,296.6,306.8,1.12,2.6
"Jul 2, 2017",7.1,0.5,99.2,48.4,329.5,296.2,307.1,1.22,2.2
"Jul 3, 2017",7.2,2.9,100,47.2,294.7,296.1,307.8,1.27,2.9
"Jul 4, 2017",7.3,19.9,100,42.4,312.6,294.8,309.2,1.42,2.3
"Jul 5, 2017",7.5,8.1,100,45.5,321.5,295.8,308.5,1.33,2.6
"Jul 6, 2017",6.6,21.2,100,49.2,305.3,295,307.1,1.08,2.3
"Jul 7, 2017",6.9,0,99.8,44.7,285.2,296.1,308.2,1.39,2.3
"Jul 8, 2017",5.8,4,100,51.4,227.6,295.7,305.8,1.05,2.8
"Jul 9, 2017",5.8,9.4,100,50.3,253.8,295.1,305.8,1.06,2.2
"Jul 10, 2017",5.7,21.2,100,48.7,248.9,294,306.4,1.03,2.2
"Jul 11, 2017",5.3,15.3,100,50.1,206.3,294.8,306.4,1.03,2.6
"Jul 12, 2017",6.7,0,100,53.6,293.6,295.9,305.5,0.96,3.4
"Jul 13, 2017",5.5,3.6,95.6,55.3,208.8,296.5,304.7,0.97,3.2
"Jul 14, 2017",7,4.4,100,51.5,298.5,295.7,306.3,1.03,3.6
"Jul 15, 2017",7.3,0,100,48.1,336.4,295.9,307.1,1.21,2.4
"Jul 16, 2017",6.1,4.1,100,47,260.8,295.4,307.5,1.22,2.1
"Jul 17, 2017",5.3,9.5,100,54.2,245.7,294.2,305.3,0.81,2.3
"Jul 18, 2017",5.6,7.9,100,48.7,254.1,295.3,306.6,1.14,1.6
"Jul 19, 2017",5.6,5.9,100,50.1,266.6,294.5,306.7,1,1.6
"Jul 20, 2017",5,0.7,100,48.4,216.9,293.6,307.3,1.01,1.7
"Jul 21, 2017",7.1,32.6,100,47.7,326.9,295.4,307,1.19,2.3
"Jul 22, 2017",5,12.8,97.1,50.4,169.7,295.6,305.4,1.1,2.7
"Jul 23, 2017",4.7,4.1,95.9,61.2,200.2,295.6,302.3,0.73,2.8
"Jul 24, 2017",6.9,0.4,98.8,51.8,280.5,295.9,305.6,1.05,3.7
"Jul 25, 2017",6.4,3.1,97.7,50.3,274.3,296.3,306.2,1.14,2.5
"Jul 26, 2017",6.6,0.3,95.5,46.8,296.7,296.8,307.6,1.35,1.8
"Jul 27, 2017",5.3,12.4,100,53.7,229.8,296.1,305.8,0.98,2.1
"Jul 28, 2017",7.1,2.4,95.7,50.1,277.5,297,306.8,1.21,3.5
"Jul 29, 2017",7.5,14.5,99.8,53.9,283.3,296.9,306.2,1.02,5.4
"Jul 30, 2017",3.1,13.9,100,73.3,162.3,294.4,300.6,0.28,2.4
"Jul 31, 2017",6.6,0,100,53.2,301.9,293.1,303.4,0.82,4.3
"Aug 1, 2017",7.1,0,95.7,49.3,301.4,295.9,305.8,1.17,3.1
"Aug 2, 2017",4.6,26.4,92.6,66.6,208.3,296.8,301.6,0.66,2.7
"Aug 3, 2017",3.7,10.1,100,69.5,173.1,295.5,301.2,0.47,2.5
"Aug 4, 2017",6,0.3,99.8,52.9,289.9,295.9,305.5,1.01,1.9
"Aug 5, 2017",5.7,0.3,100,59.6,314.5,295,304.2,0.68,1.3
"Aug 6, 2017",6.7,0,100,48.9,280.4,296.1,307.6,1.19,2.7
"Aug 7, 2017",7.5,0.4,100,47.7,306.3,295.3,307.4,1.19,3.6
"Aug 8, 2017",6.6,2.5,100,49.8,295.4,295.5,307.6,1.09,2.5
"Aug 9, 2017",5.2,7.3,100,52.6,203.1,296.1,306.4,1.02,2.6
"Aug 10, 2017",6.7,0,97.6,50.9,283,296.7,306.6,1.16,2.9
"Aug 11, 2017",5.7,3.2,98.1,46.9,267.1,296.4,307.6,1.32,1.3
"Aug 12, 2017",4.9,1.4,99.4,48,153.1,296.7,307.8,1.28,2.4
"Aug 13, 2017",5,33.6,95.7,52.3,200.4,296.7,305.9,1.11,2.1
"Aug 14, 2017",5.6,4.3,96.7,53.1,220.5,297.3,306.3,1.1,2.5
"Aug 15, 2017",5.8,1.3,98.7,54.2,234.8,296.5,305.6,1,3
"Aug 16, 2017",6.2,0,92.6,49.6,269.1,297.7,307,1.3,2
"Aug 17, 2017",5.5,25.1,100,48.6,236.4,296.2,307.7,1.21,1.7
"Aug 18, 2017",3.8,28.4,100,53.6,137.1,295.8,305.7,0.97,1.8
"Aug 19, 2017",5.4,3.6,100,50.6,264.8,296,306.9,1.11,1.3
"Aug 20, 2017",6.3,15.6,100,50.2,283.8,295.7,307.4,1.09,2.3
"Aug 21, 2017",5.2,1.6,100,54.4,189.7,295.7,304.9,0.94,3.2
"Aug 22, 2017",7.3,0,100,47.7,337.4,295.5,307.2,1.21,2.4
"Aug 23, 2017",6.4,0,99.7,48.2,277.5,296.2,307.3,1.24,2.3
"Aug 24, 2017",6.3,1.2,100,48,266.7,296.4,307.8,1.26,2.3
"Aug 25, 2017",6.1,0,91.9,50.4,238.4,297.2,306.2,1.24,2.7
"Aug 26, 2017",5.3,14,89.3,53.3,198.2,297.1,304.6,1.12,2.6
"Aug 27, 2017",4.3,20.7,88.3,56.5,194.3,297,303.5,1.01,1.4
"Aug 28, 2017",4.6,0.7,100,64.2,234.1,295,301.9,0.59,2.3
"Aug 29, 2017",5,17.3,99.5,56.7,222.8,296,304.5,0.88,2.3
"Aug 30, 2017",6.2,1.2,99.4,49,288.1,296.2,306.9,1.2,1.9
"Aug 31, 2017",6.5,2.3,100,48.2,291.5,295.7,308.3,1.19,2.3
"Sep 1, 2017",4.2,34.3,100,49.6,156,293.9,306.4,1.01,2
"Sep 2, 2017",4.1,0.5,100,65.4,246.3,293.2,301.4,0.45,1
"Sep 3, 2017",5.3,0,100,44.6,261.9,293.9,306.4,1.26,1.2
"Sep 4, 2017",4.6,5.6,100,52.1,214.5,294.2,304.6,0.95,1.7
"Sep 5, 2017",5,0,96.5,50,240.4,295.3,305.4,1.12,1.4
"Sep 6, 2017",4,3,100,59.8,202.4,292.8,302.8,0.57,2
"Sep 7, 2017",5.2,0,100,53,224.4,293.4,303.9,0.86,3.1
"Sep 8, 2017",6.1,0.8,93,52.9,194.8,295.6,304.1,1.03,4.8
"Sep 9, 2017",7,57.1,88.4,52.4,147.3,295.3,303,1.05,7.8
"Sep 10, 2017",3.9,231.3,98.9,72.9,137.7,293.8,298.4,0.38,11.4
"Sep 11, 2017",4.6,1.8,92.9,65.9,73.4,293.6,298.7,0.57,10.8
"Sep 12, 2017",5.6,0,100,50.5,268.2,290.1,303.3,0.75,3.8
"Sep 13, 2017",5.6,0,100,42.2,286,292.3,306,1.26,1.5
"Sep 14, 2017",4.7,0,98.9,46.9,233.9,294.8,306.2,1.21,1.1
"Sep 15, 2017",5.5,0.3,100,47.6,210.4,295.3,306.9,1.22,2.5
"Sep 16, 2017",5.1,0,100,53.2,215.8,293.9,304.5,0.88,3
"Sep 17, 2017",6.5,0,100,45.1,271.6,292.6,305.5,1.14,3.4
"Sep 18, 2017",5.9,0,100,47.1,281.8,291,304.7,0.94,2.9
"Sep 19, 2017",5.7,0,100,43.6,261.9,292.3,305.9,1.19,2.1
"Sep 20, 2017",5.5,0,99.3,41.8,243.7,293.6,306.8,1.38,1.8
"Sep 21, 2017",5.5,0,100,46.6,244.9,293.1,305.6,1.11,2.4
"Sep 22, 2017",5.9,0,97.8,49.8,219.5,293.9,304.2,1.04,3.8
"Sep 23, 2017",6.4,5.7,94.3,51.4,243.4,294.6,303.7,1.03,4.5
"Sep 24, 2017",6.2,0,100,47.3,231.5,293.4,305.1,1.1,3.9
"Sep 25, 2017",5.3,0,100,45.9,264.4,292.6,306,1.09,1.7
"Sep 26, 2017",5.1,0,100,46.8,245.1,293,306,1.09,1.8
"Sep 27, 2017",5.2,0,100,42.5,247,293.1,306.9,1.3,1.6
"Sep 28, 2017",5.6,0,100,40.4,256.1,293.6,307.9,1.45,1.7
"Sep 29, 2017",5.8,0,100,44.7,243.3,294.6,306.9,1.3,2.4
"Sep 30, 2017",3.8,29.7,95,62.4,116.4,294.9,301.3,0.69,3.9
"Oct 1, 2017",3.5,52.9,88.1,69.2,63.7,293.8,298,0.55,6.2
"Oct 2, 2017",6.1,0,90.7,53.2,174.4,293.5,302.1,0.94,6.2
"Oct 3, 2017",5.7,3,100,56.5,170.8,292.4,301.8,0.74,8
"Oct 4, 2017",6.7,0,90.3,53.2,194.5,293.4,302,0.94,7.5
"Oct 5, 2017",6.6,6,82,55,144.7,294.8,301.2,0.99,7.6
"Oct 6, 2017",6.7,0,84.9,46.7,159.3,295.5,305.1,1.34,4.9
"Oct 7, 2017",5.4,1.5,90.6,50.8,133.7,296.6,306.1,1.24,3.9
"Oct 8, 2017",5.4,9.4,92.5,49.6,130.6,295.7,305.9,1.22,4
"Oct 9, 2017",4.9,0.3,94.7,47.2,142.6,295.7,307,1.33,2.8
"Oct 10, 2017",4.6,0,100,51.5,134.2,294.2,305.8,1.01,3.3
"Oct 11, 2017",5.3,0,100,47,222.7,292.6,305,1.11,2.7
"Oct 12, 2017",5.7,0.6,96,46.9,234,292.4,303.9,1.1,3.3
"Oct 13, 2017",6.1,0.3,95.2,53.1,220.5,293.7,303.2,0.95,5.4
"Oct 14, 2017",6,0,96,50.9,177.6,293.7,304,1.02,5.4
"Oct 15, 2017",5.7,0,93,47.2,179.9,293.7,304.6,1.18,3.8
"Oct 16, 2017",3.3,17.9,100,46.2,126,291.2,305.4,1.05,1.5
"Oct 17, 2017",3.1,0,100,66,199.4,287.8,297.3,0.28,5.5
"Oct 18, 2017",5.6,0,100,48,168.5,288.6,301,0.82,6.2
"Oct 19, 2017",5.1,0,94.7,52.9,151.8,291.4,300.7,0.82,5.4
"Oct 20, 2017",6,0,96.9,46.9,220.3,290.7,302.2,0.99,4.8
"Oct 21, 2017",6.9,0.5,80.3,41.9,162.7,292.7,302.7,1.32,5.2
"Oct 22, 2017",6,0.9,90.4,50,162.4,293.9,303.4,1.08,5.3
"Oct 23, 2017",3.6,23.1,100,55,127.5,288.9,302.6,0.56,4.4
"Oct 24, 2017",4.2,0,100,42.7,214.3,285.2,298.9,0.82,2.4
"Oct 25, 2017",5.3,0,81.4,32.3,221.7,280.5,293.5,0.84,4.2
"Oct 26, 2017",5,0,74.6,25.8,219.7,281,295.6,1.06,2.7
"Oct 27, 2017",4.1,0,100,42.2,211.3,281.9,297.9,0.69,3.2
"Oct 28, 2017",3.5,0,100,51.9,159.8,285,300.3,0.51,4
"Oct 29, 2017",3.6,0,100,47.9,215,277.2,290.9,0.38,6.2
"Oct 30, 2017",5.1,0,73.5,23.4,213.1,277.8,293.1,0.94,3.3
"Oct 31, 2017",4,0,92.6,28,208.9,279.3,296.3,0.97,2
"Nov 1, 2017",3.6,0,100,44.1,181.7,284.1,299,0.78,2.2
"Nov 2, 2017",4.3,0,100,47,196,286.7,300.6,0.81,3.1
"Nov 3, 2017",4.3,0,100,44,194.3,286.1,300.9,0.89,2.8
"Nov 4, 2017",4.4,0,100,42.3,193,286.6,300.9,0.98,2.6
"Nov 5, 2017",4.7,0,91.8,47.8,189.7,289.7,300.8,0.95,3.4
"Nov 6, 2017",3.4,0,100,49.3,186,287.2,301.5,0.76,1.8
"Nov 7, 2017",3.3,0,100,43.3,188,287.2,302.1,0.98,1.2
"Nov 8, 2017",3.4,0,100,44.8,178.3,288,301.8,0.97,1.5
"Nov 9, 2017",2.8,0,100,52.5,162.1,285.5,300.1,0.57,1.8
"Nov 10, 2017",2.5,0,100,66.5,172.9,283.7,292,0.26,4.6
"Nov 11, 2017",3.7,0,100,54.7,122.7,284.9,297.8,0.5,6.4
"Nov 12, 2017",4.8,0,99.7,52.2,126.2,288.4,299.5,0.74,6.2
"Nov 13, 2017",3.1,0,100,56.7,106.9,285.7,297.7,0.48,4.6
"Nov 14, 2017",1.5,0,100,67.7,145,281.2,294,0.08,5.2
"Nov 15, 2017",2.1,0,100,63.4,181,280.5,292.4,0.19,4.2
"Nov 16, 2017",3.7,0,100,39,181.5,279.6,295,0.71,2.9
"Nov 17, 2017",4,0,100,39.9,174.7,280.6,296.7,0.74,3.4
"Nov 18, 2017",3.7,0,100,41.5,174.1,282.9,298.7,0.81,2.6
"Nov 19, 2017",3.1,1,100,46.2,130.6,277.6,294.7,0.47,4.3
"Nov 20, 2017",4.5,0,100,37.9,173.8,278.1,296.3,0.71,4.6
"Nov 21, 2017",3.1,3,100,50,104.7,284.7,298.7,0.62,3.3
"Nov 22, 2017",2.6,29,100,56.3,141.9,285.3,297.6,0.47,2.6
"Nov 23, 2017",0.9,50,100,82.9,88.1,285.1,291.4,0.02,3.7
"Nov 24, 2017",2.1,0.7,100,55.1,56.3,281.1,293.9,0.37,3.4
"Nov 25, 2017",2.7,0,100,41.7,172.5,281.1,295.1,0.69,1.6
"Nov 26, 2017",3.2,0,91.1,35.6,169.2,281.5,296.2,0.88,1.8
"Nov 27, 2017",3.4,0,99.3,41,167.6,282.3,296.3,0.77,2.4
"Nov 28, 2017",3.2,0,100,51.6,91.9,285.7,299,0.62,3.8
"Nov 29, 2017",3.1,0,100,53.9,128.5,285.3,299.1,0.53,3.7
"Nov 30, 2017",3.3,0,100,44.7,164.1,283,298.8,0.71,2.5
"Dec 1, 2017",3.2,0,89.2,35.5,154.5,285,299.7,1.13,1.5
"Dec 2, 2017",2.7,0,100,40.2,155.8,284.7,299.9,0.96,1.2
"Dec 3, 2017",2.7,0,100,49,156.2,284.9,297.4,0.68,1.7
"Dec 4, 2017",3.4,0,100,53.8,147.3,285.1,296.8,0.56,4.2
"Dec 5, 2017",3.4,0,100,45.5,153.6,286.2,300.2,0.86,2.2
"Dec 6, 2017",3.6,1,100,43.6,153.9,282.9,300.1,0.78,2.9
"Dec 7, 2017",0.9,13.4,100,78.7,30.7,281.7,286.9,0.12,3.9
"Dec 8, 2017",0.7,43.7,100,89.2,77.6,279.7,288.8,0,2.5
"Dec 9, 2017",2.1,0,100,55.6,97.8,273.8,285.1,0.24,6
"Dec 10, 2017",3.4,0,72.9,31.4,165.4,273.4,285.5,0.55,3.6
"Dec 11, 2017",3.3,0,89.1,28.4,164.1,272.8,289.3,0.66,2.7
"Dec 12, 2017",5.2,0,100,30.4,147.1,275.2,295,0.81,5.2
"Dec 13, 2017",3.9,0,72.8,29,162.4,275,288.3,0.67,3.6
"Dec 14, 2017",3.1,0,99.3,37,155.6,278.5,293.7,0.72,2.3
"Dec 15, 2017",3.2,0,100,43.1,146.7,281.7,296.2,0.7,2.6
"Dec 16, 2017",2.4,0,93.9,49.7,146.4,280.1,290.3,0.49,2.3
"Dec 17, 2017",2.8,0,100,41.4,149.6,281.3,297.7,0.76,1.8
"Dec 18, 2017",2.7,0,100,46.9,133.1,285.2,299.9,0.76,1.7
"Dec 19, 2017",3.2,0,100,46,147,285.9,300.7,0.83,2.2
"Dec 20, 2017",4.7,2.8,96.2,46.5,151.7,287.1,299.2,0.87,4.6
"Dec 21, 2017",4,0,85.5,41.8,154.8,286.9,298.6,1,2.7
"Dec 22, 2017",3,0,85.8,44.6,154.2,286.2,296.9,0.87,1.8
"Dec 23, 2017",4.1,0,92.6,43.9,152.9,287,299.3,0.95,3.1
"Dec 24, 2017",3.5,0,100,47.8,143.5,282.6,299.1,0.62,3.9
"Dec 25, 2017",3,0,100,45.1,158,276.3,289.2,0.45,4.1
"Dec 26, 2017",2.9,0,100,42.1,151.9,276.5,294.5,0.55,2.9
"Dec 27, 2017",1.4,0,100,69.2,76,282.4,290.4,0.21,2.6
"Dec 28, 2017",0.3,0.4,100,81.2,29.2,278.9,285.9,0.02,3.6
"Dec 29, 2017",0.9,0,99.9,81.7,69.9,277.9,282,0.08,4
"Dec 30, 2017",2.4,0,98.5,52,160,276.7,286.8,0.35,3.6
"Dec 31, 2017",2.2,1.6,91.5,39.8,96.4,278.5,291.4,0.63,1.6
"Jan 1, 2018",0.9,0.7,100,72.7,56.8,272.1,279.7,0.07,6.8
"Jan 2, 2018",1.6,5.7,90.9,65.5,55.6,272.2,278.2,0.16,7.7
"Jan 3, 2018",1.5,24.6,99.7,61.7,86.1,270.3,278.3,0.15,6
"Jan 4, 2018",3.8,0,67.7,28.4,176.6,269.6,282.3,0.47,5.7
"Jan 5, 2018",3.1,0,57.3,24.6,171.8,270.1,282.3,0.52,3.2
"Jan 6, 2018",3.3,0,65.9,28.6,175.9,271.5,283.9,0.53,3.5
"Jan 7, 2018",2.2,0,100,51,140.5,273.8,287.6,0.3,3.8
"Jan 8, 2018",2.1,0,100,51.7,92.3,277.3,293.2,0.36,3
"Jan 9, 2018",3.6,4.1,93.7,52.1,113.7,286.1,296.5,0.67,3.9
"Jan 10, 2018",3.2,3.2,76.6,61.9,57.9,288.9,293.6,0.61,4.2
"Jan 11, 2018",3.5,1.1,79.8,51.7,70.4,289.1,297.2,0.84,3.2
"Jan 12, 2018",3.1,7.3,100,57.9,94,283.6,295.2,0.42,6.1
"Jan 13, 2018",2,0,100,55.6,179,272.3,284.4,0.21,4.7
"Jan 14, 2018",3.1,0,96.9,40.9,182,272.1,285.4,0.4,4.9
"Jan 15, 2018",2.5,0,100,50.4,179.6,273.8,286.7,0.31,4.6
"Jan 16, 2018",2.9,0,100,40.5,178,274.8,291.5,0.52,2.7
"Jan 17, 2018",2.8,0,100,38.2,92,267.9,286.8,0.37,4.6
"Jan 18, 2018",3.5,0,74,25.1,189.9,267.8,283.2,0.49,3.9
"Jan 19, 2018",3,0,86.2,20.9,187,269.5,289.8,0.74,1.7
"Jan 20, 2018",2.5,0,99.1,34.5,156.1,273.6,289.8,0.58,1.7
"Jan 21, 2018",3.4,0,100,37.4,180.1,279.1,295.9,0.78,2.1
"Jan 22, 2018",3.9,11.2,100,46,166.1,282.6,298.9,0.69,3.7
"Jan 23, 2018",2.5,0.7,100,51.9,118.8,278,295.9,0.36,3.9
"Jan 24, 2018",4.1,0,76.5,32.7,116.5,277.9,291.3,0.76,3.6
"Jan 25, 2018",4.4,0,78.2,42.8,192.9,279,289,0.58,5.7
"Jan 26, 2018",4.4,0,100,44.3,138.3,280.1,294.3,0.62,5.7
"Jan 27, 2018",4.6,0,91.6,51.2,133.4,285.7,296,0.68,6
"Jan 28, 2018",3.5,52.2,100,55.5,89.3,286.2,297.4,0.57,4.9
"Jan 29, 2018",1.4,0,100,67.6,132.5,278.7,291.1,0.1,4.1
"Jan 30, 2018",3.8,0,91.1,37.4,204.2,273,286.7,0.48,4.9
"Jan 31, 2018",3.3,0,100,40,188.4,275.1,290,0.52,3.1
"Feb 1, 2018",3.3,0,100,39.3,184.4,277.7,295.3,0.66,2.3
"Feb 2, 2018",4,0,100,40.4,157.4,278.1,293.9,0.63,4.1
"Feb 3, 2018",3.4,0,99.8,49.6,142.3,278.6,290.1,0.44,5.5
"Feb 4, 2018",3.4,8.7,99,57.3,85.3,285.2,294.9,0.49,5.8
"Feb 5, 2018",4,0,100,39.5,197.8,279.5,294.9,0.71,3.1
"Feb 6, 2018",4.6,0,100,38.7,192.6,280.2,297.6,0.79,3.7
"Feb 7, 2018",5.5,0,84.2,44,191.8,288.3,299.6,1.01,4.3
"Feb 8, 2018",2.9,0,96.1,63.5,166.9,285.3,293,0.39,3.8
"Feb 9, 2018",4.8,0,90.5,45.2,97.8,287.5,299.5,0.93,4.5
"Feb 10, 2018",4.9,0,89.7,47.8,169,290.2,301.4,1,3.6
"Feb 11, 2018",5.8,6,87.7,46.7,192.2,290.5,301.7,1.06,4.5
"Feb 12, 2018",3.2,5.6,87.1,50.5,121.1,290.8,300.7,0.94,1.8
"Feb 13, 2018",1.3,3,100,81.7,132,285.2,292.1,0.03,3.6
"Feb 14, 2018",2.4,0,100,66.8,144.7,285.1,293.4,0.3,3.4
"Feb 15, 2018",3.9,0,99.9,42,203.8,285.8,300.4,0.96,1.8
"Feb 16, 2018",6,0,78.8,42.4,207.8,288.8,299.6,1.09,4.3
"Feb 17, 2018",5.7,0,71.5,38,210.9,289.5,300.4,1.29,3.1
"Feb 18, 2018",5.5,0,73.1,38,211.3,290,301.3,1.34,2.7
"Feb 19, 2018",6.6,0,80,42.5,210.7,290.1,301.2,1.18,4.7
"Feb 20, 2018",6.1,0,85.4,47.2,199.9,290.7,301.3,1.05,4.8
"Feb 21, 2018",6.2,0,93.2,44.8,202.1,289.4,302.2,1.07,4.8
"Feb 22, 2018",5.7,0,88.6,44.2,218.2,288.8,300.9,1.04,3.8
"Feb 23, 2018",6.2,0,91.4,43.4,211,288.8,301.7,1.08,4.5
"Feb 24, 2018",5.9,0,88.2,42.5,204.2,289.5,302.2,1.16,3.8
"Feb 25, 2018",5,1.1,90.3,43.3,177,289.6,302.4,1.14,2.9
"Feb 26, 2018",5.6,1,91.5,42.3,203,288.5,301.8,1.11,3.5
"Feb 27, 2018",4.6,0,98.7,54.9,227.6,285.5,295.8,0.56,5.5
"Feb 28, 2018",4.8,0,92.5,39.9,177.9,286.7,300.9,1.08,2.6
"Mar 1, 2018",6.7,0,97.7,44.4,229,288.1,301.5,0.99,6
"Mar 2, 2018",7.2,0,87.9,26.7,243.2,280.7,299,1.2,4.5
"Mar 3, 2018",6.7,0,67.5,21.5,250.7,277.9,294.5,1.07,4.2
"Mar 4, 2018",5.3,0,86.3,27.4,249.3,275.7,292.7,0.82,3.7
"Mar 5, 2018",3.9,0,98,27.3,220.3,276.7,295.9,0.94,1.5
"Mar 6, 2018",5.5,3.2,100,34,175.4,280.4,298.6,0.95,4
"Mar 7, 2018",6,0,99,32.3,255.6,277.2,294.3,0.79,5.3
"Mar 8, 2018",5.5,0,72.1,27.3,258.8,275.1,289.3,0.72,4.9
"Mar 9, 2018",4.9,0,68.9,19.1,261.1,274.9,293,0.99,2.2
"Mar 10, 2018",4.7,0,100,31.5,225.5,276.2,295.3,0.8,2.9
"Mar 11, 2018",4.1,0,100,39.8,222.1,282.5,299.8,0.87,1.7
"Mar 12, 2018",4.2,0.3,100,44.2,197.4,276.1,293.4,0.47,6.3
"Mar 13, 2018",5.2,0,73,26.7,268,276.5,291.3,0.81,3.3
"Mar 14, 2018",5.8,0,78.5,23.6,271,273.9,291.2,0.81,4.3
"Mar 15, 2018",6,0,74.7,18.9,273.9,274.7,294.2,1.03,3.1
"Mar 16, 2018",6.1,0,100,25.4,265.5,277,298.4,1.09,3.1
"Mar 17, 2018",6.1,0,98.9,26.7,262.5,281,301.3,1.3,2.5
"Mar 18, 2018",6.5,12.6,88.7,36.1,236.4,287.3,302.1,1.26,3.5
"Mar 19, 2018",3.5,14.7,93.8,62.7,174,289,296.5,0.51,2.9
"Mar 20, 2018",4.9,0,100,52.5,227.3,283.8,299.4,0.5,7.5
"Mar 21, 2018",6.4,0,83.3,34.8,277.9,278.7,292.2,0.74,7
"Mar 22, 2018",6.4,0,71.1,24.6,284.6,276.6,292.1,0.88,4.6
"Mar 23, 2018",5.8,0,68.3,23.4,258.1,278.7,294.5,1.05,2.8
"Mar 24, 2018",6,0,84.8,24.8,274.4,280.4,299.1,1.25,2.3
"Mar 25, 2018",6.9,1.3,88,35.9,243.3,285.6,300.2,1.14,4.4
"Mar 26, 2018",2.6,0.4,88.2,74.9,98,286.6,290.4,0.28,6.1
"Mar 27, 2018",5.8,0,99.7,45,226.1,284.4,297.6,0.76,5.4
"Mar 28, 2018",6.7,0,87.1,34.9,278.3,285.9,300.8,1.2,3.3
"Mar 29, 2018",7.5,0,82.1,36.6,278.6,288.4,301.8,1.29,4.1
"Mar 30, 2018",4.7,1.9,98.8,45.1,170.5,286.7,299.9,0.88,3.1
"Mar 31, 2018",6.5,0,78.3,43.7,264.3,287,296.9,0.92,4.9
"Apr 1, 2018",5.8,0,100,43.8,279.4,286.8,300.1,0.9,3.3
"Apr 2, 2018",5.4,0,100,42.3,259.2,287.9,303,1.04,2.1
"Apr 3, 2018",6.4,0,100,38.9,266.9,289.1,304.5,1.27,2.8
"Apr 4, 2018",5.5,3.6,100,39.5,214.2,282.9,302.7,0.91,3.5
"Apr 5, 2018",6.9,0,84.8,33.9,299.8,283.7,297.6,1.03,4.1
"Apr 6, 2018",6.9,0,84,30.8,295.7,287,302.4,1.43,2.7
"Apr 7, 2018",7.2,8.3,92.9,44.3,220.9,289.4,301.4,1.03,6.1
"Apr 8, 2018",2.4,0,95.5,75.5,125.6,287.1,291.5,0.24,3.8
"Apr 9, 2018",3.2,111.8,88.1,51.6,108.9,289,297.8,0.78,2
"Apr 10, 2018",2,38.4,100,74.3,138.6,284.2,291.4,0.13,2.9
"Apr 11, 2018",5.9,0,97.9,39,307,282.8,297,0.84,3.3
"Apr 12, 2018",6.3,0,98.8,41.1,275.2,285.1,298.9,0.9,4.1
"Apr 13, 2018",7.3,0,95.9,41.6,300.1,288,301.4,1.06,4.7
"Apr 14, 2018",6.7,0,93.7,42.2,222.7,290.8,303.8,1.22,3.9
"Apr 15, 2018",5.8,19.4,100,43.7,184.2,282,302,0.7,7.2
"Apr 16, 2018",7,0,83.9,33,318.4,280.7,294.5,0.87,5.4
"Apr 17, 2018",7,0,75,24.3,311.8,282.2,298.5,1.28,2.9
"Apr 18, 2018",7.7,0,88.4,25.3,317.2,285.1,304,1.63,2.6
"Apr 19, 2018",7.9,0,87.5,38.1,313.8,288.8,302,1.24,4.4
"Apr 20, 2018",5.5,0,85.3,61.7,301,288.8,294.4,0.55,5.9
"Apr 21, 2018",7.5,0,80.6,48.6,218.7,290.9,299.2,0.98,7.6
"Apr 22, 2018",7.1,16.9,77,54.4,217.5,293,298.9,0.94,7.1
"Apr 23, 2018",5.8,30.6,100,48.9,202.7,289.6,302.5,0.87,4.7
"Apr 24, 2018",6.8,0,92,43.4,316,287.5,299.5,0.95,4.1
"Apr 25, 2018",6.8,0,94.6,39.1,302.2,286.4,300.3,1.04,3.7
"Apr 26, 2018",7.1,0,81.4,37,314,289.2,301.6,1.29,2.9
"Apr 27, 2018",7.3,0,96.9,39,316.4,286.8,301.2,1.08,4.1
"Apr 28, 2018",7.8,0,69.9,30.4,324.1,288.8,301.4,1.51,3
"Apr 29, 2018",7.2,0,69.1,27.6,261,289.2,303,1.7,2.6
"Apr 30, 2018",7.7,0,95.6,37.9,321,285.6,300.1,1.04,5.1
"May 1, 2018",7.5,0,100,39.1,340.2,286.2,301.3,0.99,4.6
"May 2, 2018",7.4,0,98.9,37.9,342.2,286.7,300.9,1.06,3.9
"May 3, 2018",7.6,0,92.1,37.3,334.4,288,301.3,1.15,3.8
"May 4, 2018",7.7,0,100,33,337.7,286.9,304,1.33,3.1
"May 5, 2018",7.7,0,91.9,42.8,336.8,290.7,302.2,1.12,4.1
"May 6, 2018",6.2,0,100,40.8,323.8,290.2,304.8,1.19,1.5
"May 7, 2018",8.2,0,98.2,30.8,343.4,287.3,304.4,1.46,3.3
"May 8, 2018",7.1,0,99.2,36.2,336.8,287.6,302.6,1.2,2.8
"May 9, 2018",7.2,0,100,36.6,330.9,288.1,303.2,1.22,2.9
"May 10, 2018",7.1,0,85.8,31.5,339.2,290.8,305.5,1.67,1.7
"May 11, 2018",8.3,0,86.2,29.7,340.4,291.5,307.2,1.87,2.5
"May 12, 2018",6.7,0,93.9,32.4,303.2,289.3,305.1,1.52,1.9
"May 13, 2018",6.3,8.7,85.1,43.7,276,291.8,301.7,1.15,2.6
"May 14, 2018",3.1,18.2,91.4,71,108.2,293.5,297.5,0.47,3.6
"May 15, 2018",4.4,43,100,61.1,210.6,291.5,300.6,0.53,3.5
"May 16, 2018",5.3,8.2,97.6,56.5,199.9,293.7,302.3,0.8,4
"May 17, 2018",4.8,16.1,100,60.2,195.4,293.3,301.4,0.66,3.9
"May 18, 2018",4.8,13.6,100,59.3,230.1,292.3,301.3,0.62,2.9
"May 19, 2018",6.3,0.6,100,51.2,273.4,293.2,303.7,0.95,3.5
"May 20, 2018",3.3,20.2,94.2,74,128.8,293.7,297.6,0.4,4.4
"May 21, 2018",4.7,14.3,91.8,62.5,170.6,293.6,299.6,0.66,4.5
"May 22, 2018",6,0.7,100,52.9,260.4,292,303,0.81,3.9
"May 23, 2018",6.5,0,89.8,43.5,272,294.2,305.3,1.35,2.3
"May 24, 2018",5.2,17.9,97.8,50.1,204.1,294.1,304.6,1.05,2.3
"May 25, 2018",6.4,0,100,50.2,270.2,293.6,304.5,1.01,3.3
"May 26, 2018",6.8,0,89.1,51,260,294.7,303.3,1.08,4
"May 27, 2018",4.8,21.4,87.8,66.6,139.7,295.6,299.9,0.67,5.9
"May 28, 2018",6.9,16.3,97.1,52.8,225.2,294.8,304.4,0.99,5.9
"May 29, 2018",6.7,18.5,100,53.6,263.8,294.7,304.7,0.94,4.5
"May 30, 2018",3,39.4,100,78.8,166.7,293.9,298.9,0.19,3.1
"May 31, 2018",5.2,4.6,100,53.8,237.4,294.5,304.5,0.92,1.9
"Jun 1, 2018",6.3,0.7,99.8,47.3,279.7,295.4,306.5,1.2,2
"Jun 2, 2018",6.2,2.9,100,48.1,258.3,294.1,306.2,1.06,2.9
"Jun 3, 2018",7.7,29.2,100,51.3,314.8,295.5,306.5,1.01,4.8
"Jun 4, 2018",7,28.3,100,49.9,262.1,295,307,1.03,4.5
"Jun 5, 2018",7.9,1.4,92.4,43.3,328.3,294,304.9,1.28,3.5
"Jun 6, 2018",3.5,8.9,100,72.7,202.1,292.9,298.4,0.29,2.3
"Jun 7, 2018",6,1.2,100,48,298.2,292.6,304.7,0.97,1.9
"Jun 8, 2018",4.5,0,100,51,222,292.9,304.3,0.86,1.3
"Jun 9, 2018",5.9,14.4,100,46,288,293.3,304.9,1.1,1.7
"Jun 10, 2018",5.8,0.6,99.3,51.7,290,294,303.6,0.93,1.8
"Jun 11, 2018",6.5,8.4,98.4,47.8,268.5,294.2,304.8,1.09,3
"Jun 12, 2018",5.9,6.5,100,49.9,280.3,293.6,303.9,0.97,2.2
"Jun 13, 2018",6,0,100,46.8,312.7,294.3,305.6,1.14,1.1
"Jun 14, 2018",6.4,1.4,100,49,296.6,294.7,305.4,1.07,2.3
"Jun 15, 2018",7,0.5,99.6,46.1,298.5,294.7,306.1,1.2,2.8
"Jun 16, 2018",5.6,21.5,100,47.9,266.9,294.2,305.9,1.08,1.5
"Jun 17, 2018",5.9,0.5,96.8,47.8,255.2,295.6,306,1.19,2
"Jun 18, 2018",6.1,6.2,100,47,279.5,294.9,306.8,1.17,1.9
"Jun 19, 2018",4.9,56.4,98.1,46.8,201.7,296.1,307.1,1.27,1.5
"Jun 20, 2018",6.2,56.7,100,51.4,270.8,295.5,306.7,1,2.6
"Jun 21, 2018",6.5,1.8,100,55,266,297.2,306.6,0.98,3.4
"Jun 22, 2018",7.7,0,96.9,49.5,299.1,297.1,307.1,1.23,3.9
"Jun 23, 2018",8.5,1.8,91.2,41.7,335.7,296.5,307.9,1.57,3.2
"Jun 24, 2018",7.3,1.8,100,44.3,318.2,295.4,308.2,1.34,2.3
"Jun 25, 2018",7.6,0,93.7,45.3,331.6,296.8,307.5,1.41,2.4
"Jun 26, 2018",5.9,0,100,49.1,267.1,295.1,306.8,1.08,1.9
"Jun 27, 2018",5.8,10,97.7,49.5,271,296.5,306.6,1.18,1.4
"Jun 28, 2018",6.3,3.7,100,49.6,259.7,295.1,306.8,1.06,2.9
"Jun 29, 2018",5.4,2.8,96.2,49.9,226.8,296.2,305.9,1.15,1.9
"Jun 30, 2018",5.2,4.6,100,51.5,207.3,294.8,305.4,0.96,2.6
"Jul 1, 2018",6.2,27.4,100,52.2,290.8,294.9,305.2,0.96,2.3
"Jul 2, 2018",6.9,0.8,100,48.9,315.9,296,307.4,1.17,2.2
"Jul 3, 2018",7.6,4.3,100,50.9,340.9,296,306.3,1.09,3.2
"Jul 4, 2018",6.6,29.2,99.5,54.6,305.5,294.4,303.4,0.86,3.8
"Jul 5, 2018",6,0.4,97.2,53.6,254,295.4,304.3,0.96,3
"Jul 6, 2018",5.4,0,100,50.2,268.8,293.6,305.2,0.95,1.5
"Jul 7, 2018",4.8,3.6,100,53,236.6,294.2,304.4,0.89,1.2
"Jul 8, 2018",5,0,98.4,52.3,249.9,295.3,304.8,1,1
"Jul 9, 2018",5.9,2.3,98.4,50,286.3,295.6,305.8,1.11,1.5
"Jul 10, 2018",7.1,0,100,46.5,345.7,294.7,306.9,1.19,1.9
"Jul 11, 2018",7.9,0,100,41.5,364.9,294.4,307.9,1.43,2.2
"Jul 12, 2018",7.3,1.5,94.3,41.8,346.3,295.8,307.9,1.52,1.6
"Jul 13, 2018",7.1,28.3,96.5,43.7,334.7,296.3,308.2,1.46,1.6
"Jul 14, 2018",6.5,5.9,100,50.9,303,295.6,306.7,1.05,2.2
"Jul 15, 2018",5.3,16.2,100,53.4,263.1,295.8,306,0.96,1.3
"Jul 16, 2018",6.2,2.2,98.3,53.2,298,296.6,305.9,1.04,1.9
"Jul 17, 2018",5.9,6.1,98.2,56.7,232.3,296.7,305,0.91,3.6
"Jul 18, 2018",6,15.4,100,59.5,281.8,295.5,304.2,0.72,3.7
"Jul 19, 2018",5.2,10.7,94.8,63.2,223.6,296.5,302.5,0.72,3.5
"Jul 20, 2018",6.3,3.9,92.4,62.6,287.6,297,302.7,0.78,3.9
"Jul 21, 2018",6.4,9.9,100,55.5,291.3,294.9,305.9,0.79,3.7
"Jul 22, 2018",3.7,50.1,100,63.3,173.8,293.2,304.5,0.36,4
"Jul 23, 2018",5.7,31.7,100,55.9,283.4,294,305.2,0.72,2.5
"Jul 24, 2018",5.3,3.8,100,56.7,220.5,295.7,304.3,0.85,3
"Jul 25, 2018",5.4,2.3,95,52.8,204.2,297,305.8,1.1,2.6
"Jul 26, 2018",5.5,0.5,99.3,57.3,247.3,295.8,304.1,0.84,2.7
"Jul 27, 2018",6.6,0,100,48.2,291.4,295.3,307.4,1.15,2.4
"Jul 28, 2018",6.6,0,100,47.7,301.8,295.3,307.4,1.18,2
"Jul 29, 2018",6.3,5.4,100,48.3,267.5,295.4,306.8,1.16,2.5
"Jul 30, 2018",6,24.5,98.9,50.3,241.2,295.7,305.9,1.1,2.8
"Jul 31, 2018",5.5,2.3,98.5,56,216.6,296,304.5,0.9,3.3
"Aug 1, 2018",6.7,0,100,51,271.1,295.5,306.5,1.05,3.7
"Aug 2, 2018",6.7,9.3,100,48.7,249.5,294.8,307.4,1.1,3.9
"Aug 3, 2018",7.4,0,100,47.9,297.4,295.9,307.2,1.23,3.5
"Aug 4, 2018",7.7,0,99.3,47.5,333.9,295.7,306.9,1.24,3.2
"Aug 5, 2018",6.8,0,100,49.2,290.4,295.3,306.8,1.12,2.9
"Aug 6, 2018",7.1,0,99.2,45.4,299.1,295.1,306.9,1.29,2.8
"Aug 7, 2018",7.7,0,97,45.1,326.9,296.3,307.9,1.41,2.7
"Aug 8, 2018",7.7,0,100,45.3,317.6,296.4,308.7,1.4,2.9
"Aug 9, 2018",7.3,16.6,98,46.9,277.9,296.4,307.6,1.32,3.5
"Aug 10, 2018",6.7,0,100,48.4,264.3,296,307.2,1.21,3.2
"Aug 11, 2018",6.5,0,95.4,46.9,270.3,296.4,307.1,1.33,2.3
"Aug 12, 2018",5,18.6,97.6,49.7,201.8,296.2,306.4,1.17,1.9
"Aug 13, 2018",6.7,0,96.4,53.5,302,296.3,305.2,1.03,2.9
"Aug 14, 2018",6.6,14.2,100,52.3,302.6,295.4,305.4,1,2.8
"Aug 15, 2018",6.1,0,100,45.6,250.2,295,307.2,1.27,2.3
"Aug 16, 2018",6.5,10.1,100,46.2,277.3,295.6,307.7,1.29,2.3
"Aug 17, 2018",6.5,3.6,100,50.4,295.6,295.4,306.8,1.07,2.5
"Aug 18, 2018",6.2,3.1,100,48.5,288.1,295.7,308.1,1.17,1.8
"Aug 19, 2018",5.4,1.3,100,49,242.2,294.8,307.9,1.07,1.7
"Aug 20, 2018",5.5,18.3,100,48.8,256.7,295.3,307.3,1.13,1.6
"Aug 21, 2018",5,3.9,100,52.5,227.8,296.3,306.2,1.05,1.6
"Aug 22, 2018",6.2,1.5,100,54.9,282.1,295.6,305.5,0.9,3.1
"Aug 23, 2018",5.7,0.6,99.2,48.5,236.8,296.4,307.3,1.24,2.1
"Aug 24, 2018",5.1,23.5,99,53,205.6,296.1,305.6,1.03,2.3
"Aug 25, 2018",6.8,0.3,98.9,47.9,300.6,295.8,306.8,1.23,2.5
"Aug 26, 2018",6.6,10.9,95.9,50.3,314.1,295.9,305.6,1.13,2.3
"Aug 27, 2018",7.2,0,97.3,48.5,312.8,295.6,306.1,1.19,3.3
"Aug 28, 2018",6.5,0,100,51.3,290.3,294.7,305.2,1,3.3
"Aug 29, 2018",5.5,22.7,100,56,258.4,294.7,304,0.82,2.7
"Aug 30, 2018",5.7,6.4,98.5,55,252.5,295.2,304,0.9,2.9
"Aug 31, 2018",7.4,1,95.2,49.9,284.8,296.1,305.8,1.17,4.3
"Sep 1, 2018",6.6,0,98.1,51,233.2,295.4,305.4,1.08,4.5
"Sep 2, 2018",6.4,9.1,91.2,50,193.6,296.2,305.2,1.19,4.4
"Sep 3, 2018",6.4,10.8,95.5,56,250,295.4,303.5,0.91,4.9
"Sep 4, 2018",6.4,4.2,98.4,53.7,229.1,295.9,305.2,1,4.7
"Sep 5, 2018",6.6,0.9,97.9,51.7,258.2,296.1,305.9,1.1,3.8
"Sep 6, 2018",5.5,1.7,100,52.6,194.1,295.4,305.5,1,3.6
"Sep 7, 2018",5.5,0.9,100,51,206.8,294.4,305.4,1,3.3
"Sep 8, 2018",5,2.5,100,50.2,233.8,294,304.7,1.01,1.9
"Sep 9, 2018",4.2,2.4,100,49.1,199,294.8,305.7,1.11,1.1
"Sep 10, 2018",4.8,17,100,46.8,226.3,294.3,306.6,1.18,1.3
"Sep 11, 2018",5.5,0,99.1,49,228.6,295.7,306.5,1.18,2.2
"Sep 12, 2018",5.6,0,98.5,51.8,222.7,296.4,306.3,1.11,2.7
"Sep 13, 2018",5.3,8.1,100,47.2,262.5,295.3,307.1,1.24,1.3
"Sep 14, 2018",7.3,0,97.4,46,263.1,296.4,307.9,1.38,3.8
"Sep 15, 2018",7.8,0,89.3,45.1,251.9,298.3,308.6,1.6,4
"Sep 16, 2018",5.9,12.1,96,48.4,230.5,297.3,307.8,1.34,2.5
"Sep 17, 2018",4.7,7.9,100,49.1,202.2,296.1,307.8,1.2,1.6
"Sep 18, 2018",4.4,0,100,46.8,184.6,295.7,308,1.28,1.4
"Sep 19, 2018",4.6,4.6,100,47.3,169.8,295.5,308.1,1.24,1.9
"Sep 20, 2018",5.9,0,100,50.8,241.7,295.2,306.5,1.06,3.1
"Sep 21, 2018",6.2,0,100,48.9,242.5,294.7,305.9,1.12,3.6
"Sep 22, 2018",5.6,1,100,51.5,226.8,294.3,305,0.98,3.4
"Sep 23, 2018",5.7,0,100,48.8,213.8,294.4,306.2,1.09,3.2
"Sep 24, 2018",5.7,13.7,100,52.5,210.3,295,305.3,0.98,4.1
"Sep 25, 2018",5.7,0,100,49.4,219.7,294.4,306,1.06,3.3
"Sep 26, 2018",5.2,59.2,100,48,242.3,294.6,307,1.14,1.8
"Sep 27, 2018",5.6,0.7,99.8,46.6,235.5,295.6,307.3,1.29,2.2
"Sep 28, 2018",5.6,12.9,100,46.5,242.4,294.7,308,1.22,2.1
"Sep 29, 2018",5.7,0,100,48.7,232.4,294.6,306.9,1.1,2.9
"Sep 30, 2018",6.3,0,98,49.2,225.2,295.3,305.8,1.15,4.1
"Oct 1, 2018",5.8,15.5,87.3,51.5,176.6,294.8,303.3,1.09,4.3
"Oct 2, 2018",4.6,4.2,97.4,54.8,156.7,293.4,302.8,0.86,3.7
"Oct 3, 2018",5.6,0,98.6,47.1,223.5,292.7,304.6,1.11,3.1
"Oct 4, 2018",5.1,0,99.1,46.4,164.6,292.5,304.7,1.13,3.2
"Oct 5, 2018",5.7,0,98.9,43.5,243.7,291.8,304.9,1.21,2.6
"Oct 6, 2018",5.9,0,99.9,47.2,220.5,292.8,304.9,1.11,3.7
"Oct 7, 2018",6,3.2,92.7,49,168.2,294.1,304.4,1.13,4.7
"Oct 8, 2018",6.2,8.3,88.6,55.3,163.2,295.4,303.1,0.99,6.3
"Oct 9, 2018",6,7.6,86.4,57,146.8,296,302.8,0.98,6.4
"Oct 10, 2018",7.6,1.5,79.3,52.3,141.7,297.9,304.6,1.31,7.3
"Oct 11, 2018",6.6,0,100,47.1,229.7,292,305.8,1.05,5.2
"Oct 12, 2018",5.7,0,100,37,238.9,285.5,302.6,1.09,3.1
"Oct 13, 2018",5.4,0,87.9,30.1,234.5,286.5,302.4,1.4,2.1
"Oct 14, 2018",5.1,0,100,44.5,188.2,289.6,304.6,1.02,3.3
"Oct 15, 2018",5,0,100,46.2,193.8,293.7,306.5,1.22,2.5
"Oct 16, 2018",5.6,0,99.3,46.2,212.4,294.9,307.4,1.31,2.7
"Oct 17, 2018",4.9,0,100,45.7,191.9,294.7,307.5,1.32,2.1
"Oct 18, 2018",4.8,4.3,96.7,50.5,123.5,294.3,304.9,1.08,3.7
"Oct 19, 2018",3.9,0,97.7,56,124.4,292.7,301.8,0.79,3.4
"Oct 20, 2018",4.8,0,100,43.6,196.2,289.4,305.7,1.06,2.6
"Oct 21, 2018",4.6,0,100,48.5,221.3,284.3,296.9,0.61,5
"Oct 22, 2018",3.8,0,100,49.5,153.4,284.9,300,0.59,4.1
"Oct 23, 2018",3,1,97.4,60.3,121.2,290.2,298,0.57,2.8
"Oct 24, 2018",4.5,0,99.1,52.1,203.2,289.1,299.3,0.73,3.7
"Oct 25, 2018",3.6,5.6,98.8,58.4,112.9,290.2,298.7,0.61,4.3
"Oct 26, 2018",3.2,2.6,100,54.5,108.9,286.4,301.2,0.47,4.9
"Oct 27, 2018",4.3,0,100,46.6,191.5,282.8,294.8,0.6,4.7
"Oct 28, 2018",5.1,0,81.3,30.6,214.1,283.4,297.4,1.08,2.9
"Oct 29, 2018",4.6,0,100,36.4,206.1,283.2,301.6,0.99,2.6
"Oct 30, 2018",5.1,0,97.3,32.1,208.5,284.2,300.7,1.16,2.8
"Oct 31, 2018",4.8,0,100,39.9,204.8,285.6,301.2,0.96,3.1
"Nov 1, 2018",4.9,2.8,100,49.1,194,288.2,301.5,0.81,4.4
"Nov 2, 2018",2.4,9,100,57.4,111.2,282.3,299.9,0.27,5.1
"Nov 3, 2018",4,0,91.1,45.5,205.5,282.1,293.3,0.63,3.7
"Nov 4, 2018",3.3,2.7,100,52.6,106.1,287.9,299.2,0.7,3
"Nov 5, 2018",3.4,0,88.7,56,133.3,293,301.3,0.87,2.2
"Nov 6, 2018",3.7,0,100,49.9,186.2,290.6,303.8,0.92,1.7
"Nov 7, 2018",3.4,0,100,51.4,150.9,291.1,303.9,0.88,1.9
"Nov 8, 2018",3.9,36.5,94.8,51.2,160.6,292.4,303.2,0.99,2.3
"Nov 9, 2018",3.2,0,95.7,52.7,128.9,292.5,303,0.93,1.8
"Nov 10, 2018",2.1,0,100,62.8,97.2,284.3,295.2,0.3,3.7
"Nov 11, 2018",3.2,0,100,55.7,150.6,284.9,297.6,0.47,4
"Nov 12, 2018",5,0.5,95,45.3,105.3,290.8,303.4,1.12,4
"Nov 13, 2018",3.5,0,100,49.2,108.7,290.1,303.2,0.92,2.5
"Nov 14, 2018",2,35.7,100,67.9,148.4,284.8,296.1,0.16,4.2
"Nov 15, 2018",0.9,0,100,67,111.5,275.8,289.9,0.03,4.3
"Nov 16, 2018",3.9,0,87.9,35.4,188.2,275.8,289.4,0.59,4.1
"Nov 17, 2018",4,0,99.3,32.4,184.8,278.1,295.1,0.83,2.7
"Nov 18, 2018",3.6,0,99.1,44.4,137.8,285.6,298.8,0.84,2.7
"Nov 19, 2018",3.5,0.6,88.3,42.6,164,286.8,298.8,0.95,2
"Nov 20, 2018",2.5,0.5,100,49.4,133.3,282.9,294.6,0.57,1.9
"Nov 21, 2018",3.3,0,96.8,40.7,177.4,280.4,294,0.68,2.5
"Nov 22, 2018",2.8,0.3,100,50.9,144.8,281.5,292.8,0.49,2.9
"Nov 23, 2018",4.4,0.5,86.3,49.5,110.4,287.3,296.7,0.77,4.8
"Nov 24, 2018",3.6,0,93.5,52.6,143.5,288.9,298.8,0.75,3
"Nov 25, 2018",2.6,0,95,56.8,168.6,287.2,296.1,0.57,1.7
"Nov 26, 2018",3.1,17.7,100,48.2,99.7,278.3,298.2,0.44,5.5
"Nov 27, 2018",3.9,0,94,37.9,176.4,273.8,287.3,0.48,6
"Nov 28, 2018",3.7,0,69.7,31.4,176.6,273.8,285.3,0.55,4.2
"Nov 29, 2018",2.8,0,81,29.5,164.2,274.9,289.6,0.68,1.9
"Nov 30, 2018",3.1,0,100,30.5,164.4,278.1,296.5,0.91,1.6
"Dec 1, 2018",2.9,24.2,85.3,67.8,55,290.3,294.8,0.51,4.5
"Dec 2, 2018",5.3,6,83.7,53.3,134.7,293.1,301.1,1,5.3
"Dec 3, 2018",2.9,4.8,100,56.6,94.3,285.6,298.4,0.48,4.4
"Dec 4, 2018",2.7,0,100,46.7,155.2,278,294.3,0.48,2.9
"Dec 5, 2018",4.1,0,81,33,165.6,274.5,287.7,0.59,4.8
"Dec 6, 2018",2.9,0,94,32.6,156.3,274.8,290.5,0.65,2.2
"Dec 7, 2018",3.3,0,92.2,34.4,159.1,277.9,292.9,0.74,2.4
"Dec 8, 2018",3,8.5,100,51.4,117,284.1,296,0.58,3.1
"Dec 9, 2018",2.3,30,100,57.2,73.2,280.5,295.2,0.3,5.3
"Dec 10, 2018",1.8,0,83.6,71.8,115.8,279,282.2,0.22,4.1
"Dec 11, 2018",2.8,0,100,40.5,148.4,272.2,287.2,0.41,3.9
"Dec 12, 2018",2.3,0,100,29.6,163.3,272.7,290.8,0.66,1.4
"Dec 13, 2018",3.6,6.3,89.1,47.2,78.9,284.2,294.6,0.7,3.9
"Dec 14, 2018",1.7,118.5,100,77.7,62,288.6,293.8,0.21,5
"Dec 15, 2018",2.1,0.7,100,64.2,73.8,284.7,293.9,0.33,4
"Dec 16, 2018",3.1,0,100,45.1,94.5,279.1,293.4,0.55,3.8
"Dec 17, 2018",2.9,0,100,43.4,133.8,277.6,290.9,0.53,3.2
"Dec 18, 2018",3.2,0,89,29.3,159.1,277.5,294.1,0.87,2
"Dec 19, 2018",2.7,24.4,86.4,44.5,114.2,281.8,292.4,0.65,2.3
"Dec 20, 2018",1.5,51.7,100,77,65.1,285.6,291.1,0.18,5.2
"Dec 21, 2018",3.3,4.5,96,56.1,102.5,279.7,288.5,0.37,8.6
"Dec 22, 2018",3,0,99.6,38.3,160.6,274.1,288.4,0.5,3.2
"Dec 23, 2018",2.7,0,99.8,31.7,161.1,274.3,291.3,0.67,1.8
"Dec 24, 2018",2.7,0,100,37.8,147.8,279.2,294.7,0.74,1.7
"Dec 25, 2018",2.9,0,92.5,36.9,109.5,280.5,294.8,0.8,1.9
"Dec 26, 2018",3.5,0,100,52.4,155.1,282.5,294.2,0.5,5.3
"Dec 27, 2018",3.9,0,100,55.6,92.9,286.5,297.4,0.57,6.5
"Dec 28, 2018",4.5,14.2,92.5,53.9,115.2,290.7,300.1,0.83,5.1
"Dec 29, 2018",2.5,13.6,89.7,51.5,74.4,289.3,298.8,0.83,1.8
"Dec 30, 2018",2.5,0,94.6,59,139.7,289.3,297.6,0.62,1.7
"Dec 31, 2018",2.5,0,100,51.2,139.7,287.5,300.6,0.73,1.4
"Jan 1, 2019",3,0,100,49.7,161.8,287.4,300,0.8,1.9
"Jan 2, 2019",3.1,0,92.1,50.1,159.7,288.4,299.3,0.84,1.9
"Jan 3, 2019",3.7,0,89.6,51,153.4,289,299.2,0.84,2.9
"Jan 4, 2019",4.1,12.6,100,45.6,44.7,283.3,299.2,0.74,5.2
"Jan 5, 2019",2.8,0,100,54.3,168.9,278.4,288.7,0.36,4.9
"Jan 6, 2019",3,0,84.4,34,172.4,279.2,293.7,0.82,1.8
"Jan 7, 2019",3,0,100,43.1,164.3,281,296.7,0.7,2.1
"Jan 8, 2019",3.4,0,100,46.6,157.1,283.2,296.8,0.69,2.9
"Jan 9, 2019",3.8,0,100,41.1,175,276.4,291,0.55,4.9
"Jan 10, 2019",3.6,0,70.9,34.4,179.2,275.1,286.4,0.57,3.8
"Jan 11, 2019",3.3,0,100,42.3,164.3,276.6,291.4,0.53,3.8
"Jan 12, 2019",3.8,0,100,49.2,138.5,283.5,296.3,0.63,4.4
"Jan 13, 2019",3.5,1.9,100,46.1,112.2,282.9,297.6,0.7,3.4
"Jan 14, 2019",2.6,0,87.4,55.6,175.1,279.5,287.5,0.39,3.4
"Jan 15, 2019",2.2,0,95.1,55.8,168.1,275.7,284.7,0.29,3.5
"Jan 16, 2019",3,0,92.3,36.9,145.3,273.9,288.1,0.53,3
"Jan 17, 2019",2.8,0,100,30,182,274,293.3,0.76,1.5
"Jan 18, 2019",3,0,81.9,32.5,163,281.2,296.1,0.98,1.4
"Jan 19, 2019",5,34.7,99.8,40.6,142.9,283.1,298.1,0.87,4.8
"Jan 20, 2019",2.7,0,100,52.2,173.7,273.4,287.3,0.27,7
"Jan 21, 2019",3.2,0,88.9,38.3,188.5,272.8,285.8,0.45,3.9
"Jan 22, 2019",3.6,0,100,48,104.8,278.7,293.9,0.48,6.2
"Jan 23, 2019",5.1,28,100,49.7,165.5,285.9,298.1,0.72,6.5
"Jan 24, 2019",3.4,0.4,100,48.2,180.1,275.8,294.5,0.4,6.3
"Jan 25, 2019",3.8,0,75,33.6,197.7,275.6,288.1,0.62,3.5
"Jan 26, 2019",4,2,68.9,39.2,189.6,278.6,287.9,0.61,4.1
"Jan 27, 2019",1.4,58.2,89.6,75.9,48.5,277.8,281.7,0.15,5.9
"Jan 28, 2019",3.2,0,100,44.9,191.7,274.3,288.2,0.41,4.7
"Jan 29, 2019",2.5,0,100,40.5,104.6,273.4,290.7,0.48,2.5
"Jan 30, 2019",2.5,0,83,48.5,158.8,273.3,282.1,0.32,4
"Jan 31, 2019",4.1,0,84.1,36.6,162.6,277.3,290.5,0.65,4.1
"Feb 1, 2019",4.4,1,78.9,44.8,86.7,285.9,295.7,0.84,4.3
"Feb 2, 2019",4.7,8.9,72.8,46.9,103.9,289.4,297.4,0.97,4
"Feb 3, 2019",2.4,0.4,78,64.9,129.9,288.6,292.8,0.53,1.7
"Feb 4, 2019",2.8,0,91.9,45.1,168.7,284,296,0.74,1.3
"Feb 5, 2019",3.5,0,86.6,32,190.2,284.5,300.7,1.25,1.2
"Feb 6, 2019",4.4,0,80.2,31.3,188.5,286.8,302.3,1.44,1.7
"Feb 7, 2019",5.3,0,80.3,31.4,192.8,287.3,302.8,1.48,2.4
"Feb 8, 2019",5.2,0,82.9,31,190.5,287.5,303.8,1.55,2.2
"Feb 9, 2019",5.4,0,69.4,50.1,80,287.6,293.8,0.79,7.1
"Feb 10, 2019",5.5,2.3,70.2,47.4,67.4,290.3,297.6,1.02,5.4
"Feb 11, 2019",6.1,0,74.7,38.7,165.6,291.7,303.2,1.47,3.6
"Feb 12, 2019",5.9,2.5,96.7,37.9,108.1,288.5,304.4,1.33,4.2
"Feb 13, 2019",4.2,0.7,83.7,42.9,153.7,279,289.9,0.57,5.1
"Feb 14, 2019",5.1,0,81.1,24.3,213.9,279.2,297.6,1.17,2.5
"Feb 15, 2019",4.9,0,80.5,32.1,181.1,283.9,298.8,1.16,2.6
"Feb 16, 2019",6.8,0,70,37.3,203.7,290.1,301,1.37,4.3
"Feb 17, 2019",6.3,0,63.1,35.2,205.7,293.8,304.1,1.79,2.8
"Feb 18, 2019",7.3,0,79.4,35,188.3,291.7,305.8,1.7,4
"Feb 19, 2019",5.7,0,84,51.1,145.4,290.8,299.9,0.93,5.8
"Feb 20, 2019",6.1,1.5,88.5,41.4,168.9,291.4,304.7,1.36,3.8
"Feb 21, 2019",1.3,0,100,100,174.3,277.1,284.2,0,2.9
"Feb 22, 2019",1.7,0,100,92.4,202.6,277.4,291.1,0,2.5
"Feb 23, 2019",2,0,100,64,174.4,281,298.2,0.07,3.3
"Feb 24, 2019",4.9,0,100,47.5,185.7,285.4,300,0.75,4.7
"Feb 25, 2019",8.5,4.5,42,30.6,212.5,290.6,296.2,1.48,5.5
"Feb 26, 2019",3.4,11.5,100,48.6,120,281,297.6,0.53,4
"Feb 27, 2019",1.4,0,100,90.8,136.4,276.8,289.3,0,1.2
"Feb 28, 2019",1.9,0,100,72.5,223.1,277.7,291.5,0,1.8
"Mar 1, 2019",1.5,0,100,80.7,183,274.2,291.4,0,2.7
"Mar 2, 2019",3.9,23.1,89.4,52.9,189.8,289.1,298.4,0.76,2.2
"Mar 3, 2019",5.9,9.6,81.4,42.5,183.3,291,302.2,1.24,3.6
"Mar 4, 2019",3,1.8,100,56.1,145.6,281.9,294.3,0.38,4.2
"Mar 5, 2019",2.7,0.9,100,52.4,130.7,275.6,286.7,0.31,4.7
"Mar 6, 2019",5.1,0,66.1,25.3,258.2,274.4,288.2,0.71,4.1
"Mar 7, 2019",4.9,0,82,26.7,251.6,277.8,294.6,0.95,2.4
"Mar 8, 2019",4.8,0,100,36.6,234,281.2,299,0.9,2.5
"Mar 9, 2019",5.8,0,100,42.7,235,284.8,301.6,0.88,4.4
"Mar 10, 2019",5,0,97.8,44.3,228,289.7,303.3,1.1,2.1
"Mar 11, 2019",4.8,0,93.5,43.9,231,290.1,303.1,1.14,1.8
"Mar 12, 2019",5.4,0,90.9,47.4,213.9,286.9,298,0.81,4.5
"Mar 13, 2019",6.6,0,85.3,43.6,237.3,288.2,299.6,1,5.1
"Mar 14, 2019",6.8,0,89.9,39.8,250.7,288.5,302.2,1.19,4.1
"Mar 15, 2019",6.1,0,98.7,41.2,239,288.9,303.7,1.18,3.2
"Mar 16, 2019",4.1,0,84.7,47.1,126.7,286.2,296.2,0.78,3.3
"Mar 17, 2019",2.2,0,90.2,65.3,65.4,284.2,290.3,0.35,3.6
"Mar 18, 2019",5.6,0,68.3,35.9,235.1,284.4,294.8,0.97,3.4
"Mar 19, 2019",4.8,0,75.3,45.7,165.8,285.4,293.9,0.77,4
"Mar 20, 2019",4.9,0,96.2,36.6,132.6,280.8,296.1,0.83,4
"Mar 21, 2019",7.3,0,84.4,27.1,274,279.7,297,1.08,4.8
"Mar 22, 2019",7.6,0,77.3,22.4,281.1,279.9,298.4,1.28,4.1
"Mar 23, 2019",6.6,0,77.7,21.3,284.1,280.6,300,1.42,2.5
"Mar 24, 2019",6.2,0,92.8,30.5,227.1,283.7,301.4,1.28,2.9
"Mar 25, 2019",6.3,0,77,33,276.2,287.5,301.3,1.36,2.5
"Mar 26, 2019",6.7,1.9,81.1,35.7,251.7,287.1,300.6,1.23,3.6
"Mar 27, 2019",5.8,0,73.7,50.7,216.4,285.8,292.5,0.68,7.2
"Mar 28, 2019",6.1,0,85.5,41,224.8,284.9,297,0.89,4.8
"Mar 29, 2019",6.3,0,88.6,39.2,257.5,285.5,298.9,1,4
"Mar 30, 2019",6.6,0,92.8,36.9,245.9,286.7,301.9,1.2,3.6
"Mar 31, 2019",6.5,4.9,100,37.4,254.7,285,301.5,1.09,3.7
"Apr 1, 2019",1.4,13.2,100,76.6,63.7,284,289.5,0.14,3.8
"Apr 2, 2019",3.4,3.7,100,51.4,196.3,280.9,294.2,0.44,2.8
"Apr 3, 2019",6.1,0,88.4,37.7,294.3,283.1,296.1,0.87,3.8
"Apr 4, 2019",6.5,2,100,46,274.3,286.4,299.7,0.81,6
"Apr 5, 2019",5.4,0.4,98.1,53.8,252.4,289.4,299.4,0.72,4.1
"Apr 6, 2019",5.9,2.9,100,41.2,254,289.4,304.4,1.19,2.5
"Apr 7, 2019",6.6,0,99,43.6,246.9,291.2,304.7,1.2,3.5
"Apr 8, 2019",6.4,5.9,90.1,45.2,224.6,292.6,304,1.22,3.6
"Apr 9, 2019",5.6,1.9,100,48.9,189.6,289.1,302.2,0.85,4.8
"Apr 10, 2019",4.8,0,98.8,46.2,218.5,289.1,301.5,0.95,2.1
"Apr 11, 2019",7.3,0,91.6,45.6,284.5,291.6,303.1,1.13,4.4
"Apr 12, 2019",7.8,0,90.7,43.8,248.9,293.5,305.6,1.36,4.8
"Apr 13, 2019",7,0,82.9,45.5,207.3,295.2,305.2,1.41,4
"Apr 14, 2019",7.2,0.8,100,44.6,253.1,287.7,305.2,0.95,6.4
"Apr 15, 2019",7.1,0,100,33.9,316.9,281.6,298.3,0.96,4.7
"Apr 16, 2019",7.5,0,77.5,29.4,314.6,286,300.6,1.36,3.2
"Apr 17, 2019",6.6,0,91.4,37.8,282.9,288,302,1.2,3
"Apr 18, 2019",8.7,10.4,81.1,36.2,299,291.8,304.7,1.56,4.3
"Apr 19, 2019",6,31.8,100,46.7,202.7,284.4,301.4,0.69,8
"Apr 20, 2019",5.3,0.7,100,44,278.4,280.8,294.4,0.61,4.8
"Apr 21, 2019",6.5,0,78.8,26.3,319.9,282,298,1.2,2.5
"Apr 22, 2019",6.7,0,75.6,22,319.4,284.1,302.1,1.61,1.8
"Apr 23, 2019",6,0,82.6,27.7,315.6,286.4,303,1.54,1.3
"Apr 24, 2019",6.3,0,84.6,31.2,294.3,288.3,303.8,1.53,1.7
"Apr 25, 2019",7.5,8.3,77.5,35.9,306.2,291.5,303.7,1.53,2.8
"Apr 26, 2019",6.3,10.8,100,42.6,230.4,284.2,302.4,0.84,5.4
"Apr 27, 2019",7.3,0,64.7,21.2,329.6,286.4,302.5,1.78,2
"Apr 28, 2019",7.9,0,86.4,30.5,320.3,288.2,304.4,1.58,2.9
"Apr 29, 2019",8,0,89.4,39.3,320.4,289.8,303,1.27,4.1
"Apr 30, 2019",8.1,0,87.6,40.6,284.6,291.5,304,1.34,4.5
"May 1, 2019",8.9,0,84.2,42,335.7,293.1,303.5,1.32,5.2
"May 2, 2019",7.7,4.4,83.7,46.6,251.2,294.2,303,1.22,5.2
"May 3, 2019",4.9,20,91.6,52.4,199.9,293.4,302,0.94,2.4
"May 4, 2019",7.2,0,87.6,44.6,282.6,294.5,304.8,1.32,3.2
"May 5, 2019",5.3,54.5,100,61.1,238.1,292.7,301,0.6,5.2
"May 6, 2019",6.1,0,95.4,43.7,314.4,292.7,304.7,1.23,1.4
"May 7, 2019",7.7,0,100,43.5,314.7,291.4,304.8,1.15,4.3
"May 8, 2019",7.8,0,100,45.8,332.1,291.2,303.3,1.03,5
"May 9, 2019",6.7,0,95.7,47.9,250.2,293,303.7,1.07,4.2
"May 10, 2019",7.3,0,100,43.1,285.1,291.7,305.4,1.19,3.9
"May 11, 2019",7.1,0,92.7,41.8,296,294.3,306.6,1.45,2.4
"May 12, 2019",7.4,0.4,95.3,45.2,263.5,294,305.6,1.26,4.2
"May 13, 2019",5.3,7,100,56.6,220.4,291.9,301.8,0.68,4.6
"May 14, 2019",6.4,0,99.9,40.6,304.8,288.7,302.3,1.08,2.5
"May 15, 2019",6.4,0,98.4,41.7,256.4,289.3,302.3,1.08,3.3
"May 16, 2019",6.1,0,100,42.8,262.3,289.6,303.9,1.06,2.7
"May 17, 2019",7.6,0,98.7,34.9,342.9,290.1,305.8,1.47,2.4
"May 18, 2019",7.6,0,100,36,312.8,288,305.5,1.29,3.3
"May 19, 2019",8,0,91.3,36.7,298.9,292.5,306.3,1.56,3.3
"May 20, 2019",6.7,0,87.1,39.7,240.9,295.2,307.2,1.63,2.4
"May 21, 2019",7.9,0,91.8,37.8,334.4,294.1,307.7,1.65,2.4
"May 22, 2019",8.7,0,96.3,37.1,338.2,292.4,307,1.55,3.6
"May 23, 2019",8.2,0,100,39.6,347.4,290,305.5,1.24,4
"May 24, 2019",8.3,0,93.2,33.1,349.4,291.6,307.2,1.7,2.6
"May 25, 2019",9.1,0,90.1,30.1,347,292.2,308.6,1.96,2.9
"May 26, 2019",8.3,0,78.9,27.7,347.5,294.7,310.1,2.36,1.8
"May 27, 2019",9.4,3.7,78.5,28.7,333.6,295.9,310.8,2.43,2.6
"May 28, 2019",8.8,8.6,90.6,30.3,318.3,293.5,310.1,2.11,2.7
"May 29, 2019",9.3,0,84.7,26.1,350.8,292.3,309.6,2.24,2.6
"May 30, 2019",8.6,0,75.3,26.7,352.7,294.2,309.2,2.32,2
"May 31, 2019",8,1.4,80.5,37.6,277.9,295.9,307.3,1.8,3
"Jun 1, 2019",8.1,0,86,34.7,282,295.9,308.8,1.91,2.8
"Jun 2, 2019",8.7,0,83.7,36.2,254.6,296.1,307.9,1.83,4
"Jun 3, 2019",8.6,0,79.1,29.2,324,296,309.8,2.28,2.3
"Jun 4, 2019",8.2,9,93.1,33.1,294.6,294.7,309.7,1.94,2.7
"Jun 5, 2019",7.6,2.5,98.9,41.1,262.8,295.2,308.2,1.49,3.4
"Jun 6, 2019",6,0,92.7,46.7,230.2,296.3,306.3,1.3,2.4
"Jun 7, 2019",6,10.9,96.8,50.8,223.2,295.8,305.3,1.08,3.3
"Jun 8, 2019",7.3,13.4,96.9,49.2,292.7,295.7,305.7,1.14,3.7
"Jun 9, 2019",3.5,10.7,100,74.1,192.8,293.8,299.4,0.26,3.5
"Jun 10, 2019",6,3.2,96.7,50.3,225.3,295.1,304.7,1.06,3.3
"Jun 11, 2019",5.9,6.3,96.6,51,243.6,295.7,305.1,1.07,2.7
"Jun 12, 2019",4.9,39.1,100,62.2,223.8,293.6,302.1,0.53,4.6
"Jun 13, 2019",3.9,8.9,100,67.1,195.3,293.7,300.6,0.42,2.7
"Jun 14, 2019",5.6,0,100,52.7,245.9,293,302.5,0.84,3.2
"Jun 15, 2019",5.2,0,95.1,48.9,155.5,294.8,304.5,1.1,3.2
"Jun 16, 2019",6.1,6.3,100,49.6,270.4,293.9,304.9,0.99,2.7
"Jun 17, 2019",5.6,3,97.2,57.1,245.3,295.2,303,0.82,3.1
"Jun 18, 2019",5.2,6.3,92.4,57.3,200,296.7,303.6,0.92,3
"Jun 19, 2019",5.4,35.2,100,58.3,198.6,295.1,303.7,0.74,5
"Jun 20, 2019",7.5,6,94,54.7,269.2,297,304.9,1.02,5.9
"Jun 21, 2019",9.1,0,95.7,48.1,344.7,297.5,307.7,1.32,5.1
"Jun 22, 2019",8.5,0,100,46.7,326.4,296.1,307.6,1.27,4.5
"Jun 23, 2019",8.3,0,95,40.5,343.2,295.7,308.2,1.57,2.8
"Jun 24, 2019",8.8,0,82.9,38,357.8,297.3,308.3,1.85,2.6
"Jun 25, 2019",8.4,0,91.9,40.4,356.1,296.4,308.4,1.64,2.5
"Jun 26, 2019",7.9,0,100,40.3,347.1,293.8,308.1,1.43,2.6
"Jun 27, 2019",7.7,0,96.3,43.2,311,295.2,307,1.38,3.1
"Jun 28, 2019",7.4,4.5,100,46.7,279.7,294.7,306.5,1.17,4.1
"Jun 29, 2019",6.7,38.6,100,49,291.6,294.6,305.2,1.07,2.9
"Jun 30, 2019",6.5,0,97.4,45.9,320.4,295.4,306.5,1.26,1.4
"Jul 1, 2019",7.8,0,92.7,45.5,298.3,297.5,308.1,1.47,3.1
"Jul 2, 2019",6.7,2,98.5,43.2,254.8,296.8,309.3,1.54,2.3
"Jul 3, 2019",6.3,0,100,41.7,275.6,296.3,309.6,1.58,1.4
"Jul 4, 2019",7.5,1.4,100,43.1,348.2,296,308.9,1.48,1.7
"Jul 5, 2019",5.9,40.5,100,52.4,264.8,294.9,306.4,0.93,2.6
"Jul 6, 2019",4.8,0.9,100,57.2,202.8,296,304.5,0.85,2.4
"Jul 7, 2019",5.5,26,100,52.3,241.8,295.3,305.5,0.98,2.2
"Jul 8, 2019",6.9,0.9,100,46.8,280.7,296.1,307.7,1.29,2.7
"Jul 9, 2019",5.5,3.1,97.1,50.7,214.6,296.8,306.6,1.16,2.3
"Jul 10, 2019",6,4,100,51.1,238.8,295.7,305.9,1.06,2.9
"Jul 11, 2019",7,6.4,100,47,260.1,295.3,307.3,1.21,3.6
"Jul 12, 2019",7.4,4.7,100,47.6,314.8,294.5,307.1,1.12,3.5
"Jul 13, 2019",4.6,0,96.8,45.8,169.6,295.8,307,1.31,1.6
"Jul 14, 2019",7.3,0,98.1,42.1,338.7,295.6,308.3,1.49,1.7
"Jul 15, 2019",7.1,1.2,100,42.3,315.3,295.6,309,1.49,1.9
"Jul 16, 2019",7.3,0.8,100,43.9,325.9,295.9,308.6,1.42,2.1
"Jul 17, 2019",5.5,18.6,100,45.4,240.2,293.9,308.1,1.18,1.6
"Jul 18, 2019",6.3,1.1,100,48.2,299.5,295.7,306.9,1.19,1.6
"Jul 19, 2019",5.7,7.6,100,50.2,291,294.3,306.1,0.99,1.3
"Jul 20, 2019",6.2,3.7,100,48.7,314.2,294,306.9,1.03,1.4
"Jul 21, 2019",6,2.4,100,50.7,297.1,293.7,306.5,0.91,1.9
"Jul 22, 2019",6.4,16.5,100,48.4,296.9,294.5,306.5,1.09,2.2
"Jul 23, 2019",6.3,0.7,99,52.3,281.2,295.6,305.2,1.01,2.6
"Jul 24, 2019",3.9,34,100,64.4,192.3,293.6,301.6,0.48,2.3
"Jul 25, 2019",4.1,5,100,63.3,209.4,293.7,301.4,0.54,1.8
"Jul 26, 2019",4.2,4.6,100,66.4,207.1,294.4,300.7,0.51,2.8
"Jul 27, 2019",5.6,4.1,95.3,53.7,247.6,295.1,303.6,0.95,2.5
"Jul 28, 2019",6.8,1.6,97.2,52,309.2,294.5,303.8,0.97,3.5
"Jul 29, 2019",6.6,1,99.7,52.6,313.3,294.4,304,0.93,3.1
"Jul 30, 2019",7,0,96.9,45.8,309.3,295.5,306.7,1.29,2.4
"Jul 31, 2019",6.8,0.5,100,47.9,312.6,294.3,306.6,1.1,2.5
"Aug 1, 2019",6,6.1,99.3,51.3,271.9,295.4,305.4,1.05,2.2
"Aug 2, 2019",5.7,13.9,100,60,290.5,294.8,302.6,0.71,2.8
"Aug 3, 2019",5.4,0,98.3,48.8,239.5,295.7,306.3,1.18,1.6
"Aug 4, 2019",4.7,0,100,50.4,188.1,295.6,307.1,1.08,1.8
"Aug 5, 2019",6.6,0,96.8,50,282.4,296.3,306.3,1.17,2.7
"Aug 6, 2019",6.1,11.7,96.2,51.9,255.3,296.3,305.6,1.09,2.6
"Aug 7, 2019",5.2,15.5,97.3,62,225.6,296.5,303.3,0.74,3.2
"Aug 8, 2019",6.1,0,98.9,52.7,221.5,297,306.6,1.09,3.5
"Aug 9, 2019",7.8,0,93.7,47.1,298.9,298.1,308.5,1.46,3.2
"Aug 10, 2019",7.1,0.4,98.1,45.7,248.8,297.6,309.3,1.48,3.2
"Aug 11, 2019",5.8,20.3,100,45.3,234.5,295.5,308.8,1.32,2
"Aug 12, 2019",4.3,0,100,49.2,185.8,296.5,308,1.2,1.1
"Aug 13, 2019",6.2,0,100,47.7,277.8,296.5,308.5,1.28,1.7
"Aug 14, 2019",6.7,0,100,49.3,249.8,296.6,307.6,1.22,3.4
"Aug 15, 2019",5,14.3,98.9,56.5,184.5,296.2,304.7,0.9,3.2
"Aug 16, 2019",3.2,20.7,100,77.9,173.1,295,299.5,0.24,4.1
"Aug 17, 2019",3.3,13.4,100,79.7,198.2,294.6,299.1,0.18,3.6
"Aug 18, 2019",5,3.1,100,63.8,258.5,295.1,302.1,0.6,2.4
"Aug 19, 2019",4.8,7.2,100,53.7,227.3,294.9,304.9,0.91,1.6
"Aug 20, 2019",6.4,0.8,100,51.2,284.3,294.9,306.3,1,3.1
"Aug 21, 2019",6.5,1.4,100,48.3,290.7,295.3,306.8,1.16,2.5
"Aug 22, 2019",7.3,0,100,47.1,321.2,295.1,307.7,1.2,2.9
"Aug 23, 2019",7.1,0,100,47.8,315.9,295.6,307,1.21,2.8
"Aug 24, 2019",7.5,0,100,48.4,322.4,296.3,307.4,1.23,3.2
"Aug 25, 2019",7.2,3.5,100,53.8,326.4,295.3,305.2,0.93,4.2
"Aug 26, 2019",6.1,11.3,100,52.3,276.7,294.5,305.9,0.92,3.1
"Aug 27, 2019",4.3,0.4,100,50.8,184.1,295.5,306.7,1.06,1.5
"Aug 28, 2019",5.7,1,100,53.2,263.9,295.8,306.2,0.97,2.2
"Aug 29, 2019",7.2,0,100,51.3,332.5,295.4,306.9,1.02,3.2
"Aug 30, 2019",5.8,30,97,56.3,231,295.9,304.1,0.9,3.9
"Aug 31, 2019",7.5,0,96.2,50.3,279.7,296.5,306.3,1.18,4.6
"Sep 1, 2019",6.2,14.5,95.9,57.9,221,296.7,304.4,0.91,5.3
"Sep 2, 2019",6.9,8.4,94.9,54.5,209,296,304.4,0.99,6.8
"Sep 3, 2019",7.1,30.8,100,54,227.3,294.9,304.5,0.92,7.5
"Sep 4, 2019",6.9,0,95.1,56.8,212.1,295.4,303.2,0.88,8.4
"Sep 5, 2019",10,0,94,43.8,296.6,296.4,308,1.5,7.1
"Sep 6, 2019",7.2,0,100,43.5,304.6,292.8,307.9,1.23,3.2
"Sep 7, 2019",6.1,0,100,39.3,303.3,293.7,308.4,1.53,1.2
"Sep 8, 2019",6.3,0,100,42.5,290.8,294.3,309.1,1.41,1.7
"Sep 9, 2019",6,0,100,45.4,233.9,294.7,308.6,1.28,2.6
"Sep 10, 2019",6.9,0,100,45.5,284.8,294.1,306.8,1.23,3.3
"Sep 11, 2019",6.8,0,100,48.9,274.5,294.5,305.9,1.1,3.9
"Sep 12, 2019",6.8,0,96.6,50,252.1,295.4,305.4,1.12,4.3
"Sep 13, 2019",6.9,0,100,54.2,269,295,304.5,0.92,5.9
"Sep 14, 2019",7.7,2.9,94.9,52.8,257.4,296,304.9,1.06,7.1
"Sep 15, 2019",7,3.9,94.3,51.6,218.3,295.9,305,1.1,5.7
"Sep 16, 2019",6.5,0,100,46.2,276.2,292.5,306.5,1.08,3.4
"Sep 17, 2019",6.8,0,100,37,286.9,292.7,308.2,1.58,2.3
"Sep 18, 2019",5.3,0,100,50.9,210.2,293,304.5,0.91,3.5
"Sep 19, 2019",6,1.9,98.7,51.4,199.2,292.4,302.2,0.88,5.8
"Sep 20, 2019",5.9,0,100,49.4,176.8,291.9,303.3,0.91,5.7
"Sep 21, 2019",6.3,0,100,50.5,261.9,291.2,302.8,0.83,5.5
"Sep 22, 2019",6.5,0,100,47.1,277.6,291.7,303.5,1,4.2
"Sep 23, 2019",6,0,100,39.7,281.6,289,303.9,1.14,2.5
"Sep 24, 2019",6.3,0,92.4,31.2,280.5,291.1,306.9,1.73,1.8
"Sep 25, 2019",6.5,0,100,38.8,261.1,293.4,308.2,1.53,2.4
"Sep 26, 2019",6.1,0,98.5,40.2,247.2,294.7,308.3,1.55,2.1
"Sep 27, 2019",6.9,0,100,41.4,268.7,291.6,307.1,1.26,3.7
"Sep 28, 2019",5.7,0,100,49.9,256.3,291.5,304.8,0.85,3.7
"Sep 29, 2019",6.7,0,100,46.4,264.2,293.2,305.2,1.12,4.2
"Sep 30, 2019",6.8,0,98,48.1,254.6,294.6,305.4,1.15,4.4
"Oct 1, 2019",6.7,0,96,46.8,220,293.6,305.2,1.19,4.7
"Oct 2, 2019",5.5,0.6,100,50,216.6,292.1,304.6,0.94,3.8
"Oct 3, 2019",5.6,0,100,42.5,235.7,290,305.4,1.14,2.7
"Oct 4, 2019",5.9,0,100,41.2,247.9,291.7,306.1,1.32,2.5
"Oct 5, 2019",7,0,96.1,46.8,225.6,293.3,304.9,1.17,5.3
"Oct 6, 2019",6.8,0.7,86.9,50.5,179.1,294,302.7,1.08,6.4
"Oct 7, 2019",4.9,25.2,87.5,56.4,109,293.4,300.5,0.85,5.3
"Oct 8, 2019",4.1,0,94.6,55.9,127.3,293.6,302.2,0.85,3.3
"Oct 9, 2019",4.5,0,100,55.7,164.4,291.5,301.2,0.73,4.2
"Oct 10, 2019",4.7,0,100,52.5,170.9,290.2,302.3,0.74,4.6
"Oct 11, 2019",5.4,0,100,45.2,224.6,288.9,302.4,0.94,3.6
"Oct 12, 2019",5,0,98.3,43.3,235.8,289.9,302.8,1.08,2.3
"Oct 13, 2019",4.6,0,100,49.5,220.9,290.4,302.9,0.86,2.5
"Oct 14, 2019",4.3,0,100,47.9,197.5,291.5,304.6,0.99,2
"Oct 15, 2019",4.8,0,97.8,49.4,152.2,293.5,304.6,1.07,3.2
"Oct 16, 2019",4.8,2.2,100,50.5,172.8,288.7,303.6,0.72,5
"Oct 17, 2019",4.9,0,83.7,41.3,220.3,287,297.6,0.95,3
"Oct 18, 2019",2.8,16.6,88.2,56.2,62.4,288.7,295.8,0.64,2.9
"Oct 19, 2019",5.2,3.6,89,59.9,148.9,293.9,300.4,0.77,6.7
"Oct 20, 2019",4.8,0,100,46.4,219.6,289.6,302.4,0.94,2.8
"Oct 21, 2019",2.9,10.3,100,61,152.7,290.9,300.4,0.52,1.9
"Oct 22, 2019",4.2,5.7,100,48.1,173.8,285.8,304.7,0.66,3.8
"Oct 23, 2019",5.9,0,82.7,37.9,214.2,286.7,298.3,1.04,4.3
"Oct 24, 2019",3.9,0,100,53.8,100.3,290.5,301.6,0.72,4.3
"Oct 25, 2019",5.6,0,98.4,51.6,175.6,293.1,303.6,0.95,5.2
"Oct 26, 2019",5.6,4.4,91.4,49.6,137.1,294.6,304.5,1.14,4.6
"Oct 27, 2019",3.2,0,100,61.8,158.4,293,301.5,0.6,2
"Oct 28, 2019",3.6,3.9,100,51.1,182,293.4,304.4,0.99,1.4
"Oct 29, 2019",4.4,0,100,53.6,163.9,293.9,304.7,0.91,3.1
"Oct 30, 2019",4.5,0,100,52,154.5,294.1,305.3,0.99,3.3
"Oct 31, 2019",3.5,0,100,49.8,148.7,284.6,304.9,0.52,4
"Nov 1, 2019",3.2,0,93.9,58.7,172.2,284.3,292.4,0.44,3.9
"Nov 2, 2019",1.7,0,100,63.7,100.9,282,294.9,0.19,3.2
"Nov 3, 2019",4.9,0,100,42.7,168.1,282.4,298.1,0.75,5.1
"Nov 4, 2019",3.4,0,100,55.6,119.6,288.1,300.3,0.59,3.9
"Nov 5, 2019",2.7,0,89.6,54.3,131.4,292.1,301,0.87,1.2
"Nov 6, 2019",4.3,0,88.3,55.2,132.3,292.2,300.6,0.86,4
"Nov 7, 2019",3.8,0,92.7,48.4,107.1,292.6,303.9,1.11,2.5
"Nov 8, 2019",1,9.1,100,72.5,81.6,283.6,295.1,0.03,4.5
"Nov 9, 2019",3.3,0,100,52.6,190.1,280.2,294.1,0.4,5.2
"Nov 10, 2019",4,0,100,36,190.7,280.4,296.4,0.84,2.7
"Nov 11, 2019",3.7,0,100,44.5,171.4,283,300.1,0.73,2.9
"Nov 12, 2019",4.4,0.4,100,40,163.2,277.1,301.2,0.69,4.4
"Nov 13, 2019",2.1,0,100,59.6,151.2,277,289.7,0.2,6.4
"Nov 14, 2019",1.2,31.7,100,77,74.1,284.8,292.3,0.08,4
"Nov 15, 2019",0.8,1.9,100,94.1,89.8,283.4,288.7,0,3
"Nov 16, 2019",1.9,0,91.1,73.4,123.3,281.1,285.4,0.2,5.3
"Nov 17, 2019",1.6,0,96.9,71.4,94.1,280.3,285.9,0.19,3.8
"Nov 18, 2019",3.2,0,100,42.2,162.7,279.9,295.4,0.64,2.5
"Nov 19, 2019",4,0,94.9,35.6,180.3,278.3,293.3,0.72,3.4
"Nov 20, 2019",4.4,0,87.2,29.3,180.4,279.5,296,0.98,2.8
"Nov 21, 2019",3.4,0,100,42.3,162.5,280.2,296.5,0.66,2.8
"Nov 22, 2019",2.9,0,100,43.8,166.7,282.1,298.5,0.7,1.7
"Nov 23, 2019",3.9,10.6,100,44.9,168.7,282.2,299.7,0.68,3.8
"Nov 24, 2019",0.7,0,100,100,176.1,272.5,274,0,3.9
"Nov 25, 2019",2.5,0,100,36.6,175.7,276.6,293,0.65,1.5
"Nov 26, 2019",2.4,0,100,37.3,172,276.6,295.7,0.67,1.2
"Nov 27, 2019",3.6,0,100,39.5,165.8,281.7,299.9,0.84,2.4
"Nov 28, 2019",4.5,0,100,31.4,167.1,281.2,299.7,1.08,2.8
"Nov 29, 2019",4.1,0,100,36.3,161.1,281.1,298,0.89,3
"Nov 30, 2019",3.3,0,100,36.7,164,281.5,299.8,0.92,1.8
"Dec 1, 2019",4.8,0,100,47.4,157.8,283.9,300,0.69,6.4
"Dec 2, 2019",3.4,0,100,43.3,166.2,274,288.2,0.42,6
"Dec 3, 2019",3.2,0,86.8,36.2,167.2,273.7,286.6,0.5,3.7
"Dec 4, 2019",4.2,0.6,87.3,29.9,164.7,275.4,291.2,0.73,3.8
"Dec 5, 2019",3.7,0,84,25.3,161.1,276.3,293.9,0.93,2.2
"Dec 6, 2019",2.4,0,100,31.5,136.7,276.8,296.1,0.85,1.1
"Dec 7, 2019",2.7,0,100,42.9,123,279.1,295,0.61,2.2
"Dec 8, 2019",3.8,0,96.1,50.3,146.9,285.5,296.3,0.68,4
"Dec 9, 2019",3.7,0,100,43.7,152.5,284.9,299.9,0.85,2.8
"Dec 10, 2019",3.2,0,100,43.7,75.1,285,301.3,0.87,2.5
"Dec 11, 2019",3.3,0,88.3,60,103.5,286.1,292.9,0.51,5.2
"Dec 12, 2019",3.3,3.3,85.4,63.7,56.3,287.8,293.2,0.51,5.9
"Dec 13, 2019",2.8,32.4,91.3,59.7,100.8,288.2,295.7,0.57,3.2
"Dec 14, 2019",3,0,100,51.3,155.5,279.4,294.1,0.42,4.6
"Dec 15, 2019",3,0,99.8,34.5,156.8,279.3,295.7,0.84,1.8
"Dec 16, 2019",3.5,0,100,45.3,152.6,281.9,299.8,0.67,3.2
"Dec 17, 2019",2.9,5,100,51.3,134.6,279.3,300.6,0.38,5.1
"Dec 18, 2019",2.3,0,100,54.1,153.3,274.9,287.2,0.27,5.5
"Dec 19, 2019",3.7,0,100,41.6,158.3,275.3,289.8,0.49,5.9
"Dec 20, 2019",2.9,1.8,99.5,60.2,111,282.9,291.4,0.38,6.2
"Dec 21, 2019",4.7,3.5,89.7,50.3,72.6,286.3,296,0.72,6.7
"Dec 22, 2019",1.5,105.3,100,75.2,40.4,286.6,293.1,0.19,5.7
"Dec 23, 2019",2.3,19.2,100,59.1,53.2,284.7,293.9,0.44,3.4
"Dec 24, 2019",2.9,1.8,83.2,65.2,62.1,286.3,290.9,0.45,5.3
"Dec 25, 2019",3.1,0,93.4,60.9,131.1,286.7,294.2,0.49,4.5
"Dec 26, 2019",3.4,0,100,60.7,152.1,287.3,296.1,0.49,5
"Dec 27, 2019",3.4,0.8,100,53.5,90.8,287.7,298.5,0.68,3.8
"Dec 28, 2019",3.7,4,82.7,57.7,72.1,291.7,298.2,0.8,4.1
"Dec 29, 2019",4.9,4.9,71.3,50.1,80.4,293.1,299.3,1.12,4.2
"Dec 30, 2019",2.5,1.4,100,54,86.9,282,298.8,0.4,3.9
"Dec 31, 2019",1.9,0,100,55.7,125.5,277.9,291.1,0.3,2.5
